BASIN,SUB,BLOCK,AMGO,AMRO,BAEA,BCCH,BEKI,BEWR,BGWA,BHGR,BRCR,BTPI,BUSH,CBCH,CEWA,COME,CONI,CORA,COYE,DEJU,DOWO,EVGR,GBHE,GCKI,GRJA,HAFL,HAWO,HEWA,HOWR,HUVI,MALL,MAMU,MGWA,MOQU,NOFL,OCWA,OSFL,PIWO,PUFI,PYOW,RBNU,RBSA,RECR,RSTO,RTHA,RUGR,RUHU,SCOW,SOSP,SSHA,STJA,SWTH,TRSW,VATH,VGSW,WAVI,WCSP,WEFL,WETA,WIFL,WIWA,WIWR,WODU,WREN,WWPE,VAREA,FAREA,SAREA,DAREA,MVWIDTH,MFWIDTH,MSWIDTH,MVCON,MFCON,CVWIDTH,CFWIDTH,CSWIDTH,CVCON,CFCON,B,CCP,CLS,COP,G,HCP,HCS,HLS,HOP,HSH,HSS,HSW,HW,MCP,MCS,MGF,MLS,MOP,MOS,MSH,NPATCH,MPSIZE,MPSHAPE,MPFRAC,CPSIZE,TEDGE,LFRAC,PRICH,SHANNON,SIMPSON,SHEVEN,SIEVEN,AMPSHAPE,CONEDGE
D,AL,1,0,1,0,0,0,0,0,2,0,0,0,2,0,0,0,0,0,0,0,0,0,0,0,0,4,0,0,0,0,0,0,0,0,0,2,0,0,0,0,3,0,0,0,0,0,0,1,0,5,2,0,2,0,1,0,3,3,0,3,7,0,0,3,1.204,1.204,0.82,4.705,3.226,3.226,2.749,1.554,1.554,28.72533503,28.72533503,15.05846505,17.33690015,17.33690015,0,0,0.58,0,0,0,0,0,0,0,0,0,0,0,0,0.28,0.14,0,0,0,5,0.2,1.558938913,1.512204395,114.0175425,275,1.219666347,3,0.41154959,0.5656,0.862568133,0.8484,1.269367507,178
D,AL,2,0,0,0,0,0,0,0,4,0,0,0,2,0,4,0,0,0,0,0,0,0,0,0,0,2,0,0,0,0,0,1,0,1,0,2,0,0,0,0,0,0,0,0,0,0,0,1,0,0,0,0,0,0,0,0,3,0,0,4,2,0,0,1,1.041,1.041,0.82,4.705,3.026,3.026,2.733,1.72,1.72,17.89968487,17.89968487,17.89058858,16.80979795,16.80979795,0,0,0.66,0,0,0,0,0,0,0,0,0,0,0,0,0.34,0,0,0,0,3,0.333333333,1.414340661,1.403548188,84.87048957,205,1.155876931,2,0.278398171,0.4488,0.924818705,0.8976,1.211313737,0
D,AL,3,0,5,0,2,0,0,0,0,2,0,0,1,0,0,0,0,0,0,0,0,0,0,0,0,2,1,2,0,0,0,2,0,0,1,3,0,1,0,0,2,0,0,0,0,1,0,4,0,2,2,0,0,0,0,2,1,1,0,4,1,0,0,3,1.204,1.204,0.826,4.687,3.165,3.165,2.757,1.655,1.655,39.30655565,39.30655565,8.474489325,35.09502833,35.09502833,0,0,0.53,0,0,0,0,0,0,0,0,0,0,0,0,0.47,0,0,0,0,3,0.333333333,1.374121581,1.395314533,51.11751168,209,1.160073143,2,0.300247796,0.4982,0.997401589,0.9964,1.340340155,0
D,AL,4,0,0,0,0,0,0,0,0,0,0,0,0,0,0,0,0,0,0,0,0,0,0,0,0,1,1,0,0,0,0,0,0,0,0,1,0,0,0,0,0,0,0,0,0,0,0,3,0,1,1,0,0,0,0,0,6,1,0,3,4,0,0,0,1.462,1.462,0.799,4.681,3.449,3.449,2.749,1.324,1.324,14.08081919,14.08081919,15.05846505,14.73062553,14.73062553,0.11,0,0.11,0,0,0.35,0,0,0,0,0,0,0,0.24,0,0.18,0,0.01,0,0,7,0.142857143,1.370111198,1.487426708,84.55373045,366,1.281740543,6,0.673270045,0.7632,0.865217455,0.91584,1.359398391,23.8
D,AL,5,0,3,0,0,0,1,0,1,0,1,1,2,0,0,0,0,0,0,0,0,0,1,0,0,2,0,0,0,0,0,0,0,0,3,1,0,1,0,0,1,0,0,0,0,0,0,7,0,2,4,0,2,0,3,0,1,1,0,8,4,0,0,0,1.38,1.38,0.69,4.681,3.366,3.366,2.603,1.265,1.265,4.451704996,4.451704996,0,2.96780333,2.96780333,0.51,0,0,0,0,0,0,0,0,0,0,0,0,0.22,0,0,0,0.27,0,0,3,0.333333333,1.44887641,1.407789471,46.50806382,235,1.185533931,3,0.447338004,0.6186,0.937577187,0.9279,1.433320698,0
D,AL,6,1,1,0,0,0,0,0,1,0,0,0,0,0,0,0,0,0,0,0,0,0,0,0,0,1,0,0,1,0,0,0,0,1,2,0,0,0,0,0,0,0,0,0,0,0,0,3,1,0,4,0,0,0,3,0,0,1,0,6,2,0,0,0,1.415,1.176,0.672,4.676,3.413,3.176,2.603,1.215,1.511,7.154152952,46.29481479,0,8.213708208,36.28648252,0.1,0,0,0,0,0,0,0,0,0,0,0,0,0.24,0,0,0,0.66,0,0,3,0.333333333,1.252167606,1.38333455,87.42997198,164,1.107421924,3,0.367850305,0.4968,0.770978658,0.7452,1.232349958,20
D,AL,7,0,0,0,0,0,0,0,0,0,2,0,4,0,0,0,0,0,0,0,0,0,1,0,0,0,0,0,1,0,0,0,0,0,1,0,0,0,0,0,0,0,0,0,0,0,0,6,0,2,5,0,3,0,2,0,0,0,0,8,3,0,0,0,1.477,1.255,0.708,4.659,3.46,3.21,2.603,1.193,1.462,22.72766242,35.13641845,0,21.46604434,37.60849762,0.21,0,0,0,0,0,0,0,0,0,0,0,0,0.13,0,0,0,0.66,0,0,3,0.333333333,1.666009846,1.450680474,85.71464286,291,1.231946494,3,0.376622315,0.5034,0.789363943,0.7551,1.739717677,5.1
D,AL,8,0,0,0,0,0,0,0,0,0,0,2,2,0,0,0,0,0,0,0,0,0,1,0,0,0,0,0,0,0,0,0,0,0,1,0,0,0,0,0,0,0,0,0,0,1,0,9,0,1,7,0,3,0,0,0,0,0,0,8,3,1,0,0,1.415,1.415,0.69,4.647,3.405,3.405,2.603,1.223,1.223,11.76719778,11.76719778,0,14.72487549,14.72487549,0.27,0.05,0,0,0,0,0,0,0,0,0,0,0,0.25,0,0,0,0.43,0,0,6,0.166666667,1.41389451,1.461971574,79.11510602,362,1.279354285,4,0.526706845,0.6772,0.874841134,0.902933333,1.385552297,43.45
D,AL,9,0,0,0,0,0,0,0,0,0,0,0,0,0,0,0,0,0,0,0,0,0,1,0,0,0,0,0,0,0,0,0,0,0,1,0,0,0,0,0,0,0,0,0,0,0,0,0,0,1,4,0,4,0,2,0,1,0,0,6,2,0,0,0,1.653,1.255,0.699,4.629,3.647,3.251,2.603,1.021,1.407,25.17422988,33.26804193,0,28.61316918,26.6784647,0.14,0.14,0,0,0,0,0,0,0,0,0,0,0,0.32,0,0,0,0.4,0,0,4,0.25,1.391735989,1.41316088,52.45950819,277,1.221239885,4,0.55661216,0.6984,0.924512787,0.9312,1.373710501,31.2
D,AL,10,0,0,0,0,0,0,0,0,0,0,0,0,0,0,0,0,0,0,0,0,0,1,0,0,0,0,0,0,0,0,0,0,0,0,0,0,0,0,0,0,0,0,0,0,0,0,2,0,0,8,0,1,0,6,0,2,0,0,5,5,0,0,0,1.279,1.23,0.681,4.604,3.297,3.21,2.603,1.365,1.418,36.40414255,14.78048148,0,29.78882106,15.05846505,0,0.13,0,0,0,0.28,0,0,0,0,0,0,0,0.42,0,0,0,0.17,0,0,6,0.166666667,1.346042315,1.449384225,91.52048951,341,1.266377189,4,0.559042097,0.6994,0.928548824,0.932533333,1.378060919,7.75
D,AL,11,0,1,0,1,0,0,0,0,0,0,0,0,0,0,0,0,0,0,0,0,1,1,0,0,0,0,0,0,0,0,0,0,0,4,0,0,0,0,0,0,0,0,0,0,0,0,2,0,3,6,0,1,0,1,0,0,1,0,6,4,0,0,0,1.38,1.041,0.556,4.604,3.364,2.969,2.433,1.33,1.525,61.20265695,42.4243175,24.99809473,87.81672689,39.25003717,0.27,0.09,0,0,0,0.14,0,0,0,0,0,0.03,0,0.33,0,0,0,0.14,0,0,8,0.125,1.261104091,1.450421007,83.90470785,377,1.288170675,6,0.69131087,0.77,0.88840167,0.924,1.238675826,6.3
D,AL,12,0,2,0,0,0,0,0,1,0,1,2,1,0,0,0,0,0,0,0,0,0,2,0,0,0,0,0,2,0,0,0,0,0,6,0,0,0,0,0,0,0,2,0,0,0,0,9,0,1,12,0,0,0,7,0,0,0,0,9,2,0,0,0,1.462,1.462,0.69,4.591,3.444,3.444,2.603,1.188,1.188,11.47576606,11.47576606,0,14.34438276,14.34438276,0,0,0,0,0,0.02,0,0,0,0,0,0.28,0,0.68,0,0,0,0.02,0,0,5,0.2,1.358586836,1.471512797,83.14144574,265,1.211622937,4,0.336648491,0.4584,0.55916104,0.6112,1.313796567,0
D,AL,13,0,0,0,1,0,0,0,0,0,0,0,0,0,0,0,0,0,0,0,0,0,0,0,0,0,0,0,0,0,0,0,0,0,0,0,0,0,0,0,0,0,0,0,0,0,0,0,0,0,5,0,0,0,2,0,4,0,0,2,5,0,0,0,1.556,1.556,0.732,4.576,3.509,3.512,2.644,1.17,1.167,34.16656448,33.62006852,19.16531915,11.73425875,11.43811122,0,0,0,0,0,0.71,0,0,0,0,0,0.04,0,0.2,0,0,0,0.05,0,0,5,0.2,1.280907595,1.446298324,144.7843224,234,1.184607929,4,0.366369673,0.4518,0.608526856,0.6024,1.243139497,7
D,AL,14,0,2,0,0,0,1,0,0,0,0,0,0,0,0,0,0,0,0,0,0,0,0,0,0,0,0,0,0,0,0,0,0,0,0,0,0,0,0,0,0,0,1,0,0,0,0,8,0,3,6,0,0,0,6,0,6,0,0,4,7,0,0,0,1.898,1.898,0.839,4.449,3.895,3.891,2.779,0.949,0.949,21.65093882,21.48064076,0,16.28713845,16.28713845,0,0.07,0,0.01,0,0.61,0,0,0.1,0,0,0,0,0.09,0,0,0,0.12,0,0,7,0.142857143,1.356703401,1.492860785,146.8173468,356,1.275724999,6,0.536408362,0.5904,0.689336889,0.70848,1.478075658,16.15
D,AL,15,0,1,0,0,0,0,0,0,0,0,0,0,0,0,0,0,0,1,0,0,0,0,0,0,0,0,0,0,0,0,0,0,0,0,0,0,0,0,0,0,0,1,0,0,0,0,3,0,0,3,0,0,0,1,0,4,0,0,2,3,0,0,0,1.799,1.756,0.845,4.449,3.805,3.768,2.779,1.021,1.086,9.935100793,26.0570513,0,11.36972052,37.8339252,0,0,0,0.05,0,0.65,0,0,0,0,0,0,0,0.18,0,0,0,0.12,0,0,4,0.25,1.386602781,1.436139821,108.7627387,222,1.173176487,4,0.431207018,0.5282,0.716219353,0.704266667,1.258568131,14.85
D,AL,16,0,1,0,0,0,0,0,0,0,0,0,0,0,0,0,1,0,2,0,0,0,1,0,0,0,0,0,0,0,0,0,0,0,0,0,0,0,0,0,0,0,0,0,0,0,0,0,0,1,2,0,0,0,2,1,8,0,0,0,2,0,0,0,1.82,1.146,0.724,4.428,3.813,3.162,2.664,0.908,1.606,4.228826283,64.14163875,21.00199528,25.23883579,35.3147759,0,0,0,0,0,0.73,0,0,0,0,0,0,0,0.26,0,0,0,0.01,0,0,4,0.25,1.457723572,1.524143396,134.85795,174,1.120274624,3,0.271881242,0.3994,0.569836785,0.5991,1.243262212,1.7
D,BC,1,0,0,0,0,0,0,0,0,2,0,0,0,0,0,0,0,0,0,0,0,0,0,0,0,0,0,0,0,0,0,0,0,0,0,0,0,0,0,0,0,0,0,0,0,0,0,0,0,1,2,0,8,0,0,0,2,0,0,0,10,0,0,0,1.114,1.114,0.544,4.324,3.08,3.08,2.479,1.415,1.415,0,0,27.2165527,26.12789059,26.12789059,0,0,0,0,0,0,0,0.51,0,0,0,0,0,0,0,0,0.49,0,0,0,3,0.333333333,1.406274836,1.403928197,55.66866264,201,1.151598029,2,0.300943131,0.4998,0.999711442,0.9996,1.300462356,0
D,BC,2,0,0,0,0,0,0,0,0,0,0,0,0,0,0,0,0,0,0,0,0,0,0,0,0,0,0,0,0,0,0,0,0,0,0,0,0,0,0,0,0,0,0,0,0,0,0,0,0,1,3,0,6,0,0,0,2,0,0,2,10,0,0,0,1.114,1.114,0.613,4.272,3.101,3.101,2.52,1.442,1.442,19.86770725,19.86770725,24.94765462,19.18295365,19.18295365,0.07,0,0,0,0,0,0,0.55,0,0,0,0,0,0,0,0,0.38,0,0,0,4,0.25,1.479377636,1.440941289,84.72701262,273,1.218081324,3,0.383325891,0.5482,0.803413991,0.8223,1.357598411,0
D,BC,3,0,1,0,0,0,0,0,0,0,0,0,0,0,0,0,0,0,0,0,0,0,0,0,0,0,0,0,0,0,0,0,0,0,0,0,0,0,0,0,0,0,0,0,0,0,0,0,0,0,1,0,4,0,0,0,0,0,0,4,8,0,0,0,1.079,1.079,0.602,4.272,3.009,3.009,2.479,1.48,1.48,28.41446421,28.41446421,35.13641845,20.7247593,20.7247593,0.18,0,0,0,0,0,0,0,0,0,0,0,0,0,0,0,0.82,0,0,0,3,0.333333333,1.224273229,1.399138637,126.5819892,80,0.951544993,2,0.20472359,0.2952,0.680077046,0.5904,1.144817602,72
D,BC,4,0,0,0,0,0,0,0,0,0,0,0,2,0,0,0,0,0,0,0,0,0,2,0,0,1,0,0,0,0,0,0,0,0,0,0,0,0,0,0,0,0,0,0,0,0,0,0,0,2,2,0,2,0,0,0,0,1,0,5,9,0,0,0,1.204,1.204,0.663,4.26,3.179,3.179,2.569,1.405,1.405,3.759246438,3.759246438,36.14847324,36.30899801,36.30899801,0.03,0,0,0,0,0,0,0.21,0,0,0,0,0,0,0,0,0.76,0,0,0,3,0.333333333,1.369906868,1.442121843,114.0920681,157,1.097949826,3,0.27860198,0.3774,0.583922803,0.5661,1.318726728,45.9
D,BC,5,0,0,0,0,0,0,0,0,0,0,0,0,0,0,0,0,0,0,0,0,0,0,0,0,0,0,0,0,0,0,0,0,0,0,0,0,0,0,0,0,0,0,0,0,0,0,0,0,5,2,0,1,0,0,0,1,1,0,5,6,0,0,0,1.255,1.255,0.643,4.26,3.226,3.226,2.507,1.297,1.297,24.59037045,24.59037045,32.27486122,8.240390098,8.240390098,0,0,0,0,0,0,0,0.96,0,0,0,0,0,0,0,0,0.04,0,0,0,3,0.333333333,1.540818349,1.556621784,162.8127759,87,0.969759626,2,0.072937217,0.0768,0.242292189,0.1536,1.174999788,4.35
D,BC,6,0,0,0,0,0,0,0,1,0,0,0,0,0,0,0,0,0,0,0,0,0,0,0,0,0,0,0,0,0,0,0,0,0,0,0,0,0,0,0,0,0,0,0,0,0,0,0,0,0,3,0,2,0,0,0,1,0,0,4,7,0,0,0,1.176,1.114,0.724,4.215,3.159,3.101,2.624,1.511,1.583,33.25608333,35.13641845,15.05846505,26.52653622,42.16404307,0,0,0,0,0,0,0,0.47,0,0,0,0,0,0,0,0,0.53,0,0,0,3,0.333333333,1.664255393,1.541313127,84.33860326,186,1.134756472,2,0.300247796,0.4982,0.997401589,0.9964,1.544467768,0
D,BC,7,0,2,0,0,0,0,0,0,0,0,0,0,0,0,0,0,0,0,0,0,0,0,0,0,0,0,0,0,0,0,0,0,0,0,0,0,0,0,0,0,0,0,0,0,0,0,0,0,2,3,0,4,0,0,0,0,0,0,6,7,0,0,0,1.462,1.041,0.681,4.196,3.458,3,2.624,1.301,1.656,44.59234605,23.09401077,15.05846505,62.57036667,29.92898471,0,0,0,0,0,0,0,0.58,0,0,0,0,0,0,0,0,0.42,0,0,0,3,0.333333333,1.493804781,1.41600171,72.08328516,241,1.191008521,2,0.295447062,0.4872,0.981453895,0.9744,1.501512474,12.05
D,BC,8,0,0,0,0,0,0,0,0,0,0,0,0,0,0,0,0,0,0,0,0,0,0,0,0,0,0,0,0,0,0,0,0,0,0,0,0,0,0,0,0,0,0,0,0,0,0,0,0,0,3,0,3,0,0,0,2,0,0,3,7,0,0,0,1.431,1.114,0.663,4.188,3.35,3.097,2.558,1.396,1.479,85.77420194,24.80143365,23.42427896,48.08985946,16.71373788,0,0,0.13,0,0,0,0,0,0,0,0,0,0,0,0,0,0.87,0,0,0,2,0.5,1.327076339,1.388296925,104.6518036,92,0.981893914,2,0.167805614,0.2262,0.557438185,0.4524,1.238018344,0
D,BC,9,0,0,0,0,0,0,0,0,2,0,0,0,0,0,0,0,0,0,0,0,0,0,0,0,0,0,0,0,0,0,0,0,0,0,0,0,0,0,0,0,0,0,0,0,0,0,0,0,3,3,0,2,0,0,0,2,0,0,9,5,0,0,0,1.079,1.041,0.447,4.033,3.097,2.987,2.303,1.276,1.354,49.63869458,19.46971199,0,22.57026261,24.02654377,0,0,0.21,0,0,0,0,0,0,0,0,0,0,0,0,0,0.79,0,0,0,4,0.25,1.295870452,1.445411267,145.0333295,193,1.142778655,2,0.223208546,0.3318,0.74148274,0.6636,1.388521006,0
D,BC,10,0,0,0,0,0,0,0,0,0,0,0,0,0,0,0,0,0,0,0,0,0,1,0,0,0,0,0,0,0,0,0,0,0,0,0,0,0,0,0,0,0,0,0,0,0,0,0,0,2,1,0,1,0,0,0,2,0,0,4,6,0,0,0,1.176,1.176,0.301,4.004,3.165,3.165,2.117,0.996,0.996,17.14610352,17.14610352,37.15737627,37.24662139,37.24662139,0,0,0.12,0,0,0,0,0,0,0,0,0,0,0,0,0,0.88,0,0,0,2,0.5,1.491122325,1.418297491,107.4802307,102,1.004300086,2,0.159353499,0.2112,0.529360865,0.4224,1.21947715,0
D,BC,11,0,0,0,0,0,0,0,1,0,0,0,0,0,0,0,0,0,0,0,0,0,0,0,0,0,0,0,0,0,0,0,0,0,0,0,0,0,0,0,0,0,0,0,0,0,0,0,0,2,2,0,1,0,0,0,2,0,0,7,9,0,0,0,1.114,1.114,0.491,3.935,3.101,3.101,2.344,1.288,1.288,16.81507786,16.81507786,28.74797873,42.65525407,42.65525407,0,0,0.05,0,0,0,0,0,0,0,0,0,0,0,0,0,0.95,0,0,0,3,0.333333333,1.197118222,1.455172711,160.2217214,75,0.937530632,2,0.086214075,0.095,0.286396957,0.19,1.151397884,0
D,BC,12,0,0,0,0,0,0,0,1,0,0,0,0,0,0,0,0,0,0,0,0,0,0,0,0,0,0,0,0,0,0,0,0,0,0,0,0,0,0,0,0,0,0,0,0,0,0,0,0,3,1,0,6,0,0,0,1,0,0,3,9,0,0,0,1.041,1.041,0.69,3.909,3.017,3.017,2.603,1.605,1.605,17.08065717,17.08065717,0,18.42906047,18.42906047,0,0,0.33,0,0,0,0,0,0,0,0,0,0,0,0,0,0.67,0,0,0,3,0.333333333,1.602171249,1.465087815,94.02659198,238,1.188288479,2,0.275420282,0.4422,0.914926373,0.8844,1.563462481,0
D,BC,13,0,0,0,0,0,0,0,1,3,0,0,0,0,0,0,0,0,0,0,0,0,1,0,0,0,0,0,0,0,0,0,0,0,0,0,0,0,0,0,0,0,0,0,0,0,0,0,0,2,1,0,7,0,0,0,5,0,0,2,10,0,0,0,0.954,0.954,0.519,3.869,2.94,2.935,2.417,1.487,1.496,9.462903475,9.805512125,37.15737627,33.89561544,36.7525664,0,0,0.28,0,0,0,0,0,0,0,0,0,0,0,0,0,0.72,0,0,0,3,0.333333333,1.586278772,1.447023966,100.4589468,366,1.281740543,2,0.257516354,0.4032,0.855450811,0.8064,1.476091673,6.65
D,BC,14,0,0,0,0,0,0,0,0,1,0,0,1,0,0,0,0,0,0,0,0,0,0,0,0,0,0,0,0,0,0,0,0,0,0,0,0,0,0,0,0,0,0,0,0,0,0,0,0,1,1,0,6,0,0,0,4,0,0,1,9,0,0,0,0.903,0.903,0.505,3.764,2.876,2.876,2.303,1.447,1.447,11.33115447,11.33115447,0,12.59017164,12.59017164,0,0,0.26,0,0,0,0,0,0,0,0,0,0,0,0,0,0.74,0,0,0,3,0.333333333,1.820480798,1.491834538,108.3466658,239,1.18919895,2,0.248875457,0.3848,0.826746372,0.7696,1.491683361,0
D,BC,15,0,0,0,0,0,0,0,0,2,0,0,1,0,0,0,0,0,0,0,0,0,0,0,0,0,0,0,0,0,0,0,0,0,0,0,0,0,0,0,0,0,0,0,0,0,0,0,0,0,0,0,7,0,0,0,4,0,0,1,7,0,0,0,0.903,0.903,0.462,3.764,2.864,2.864,2.303,1.459,1.459,6.617067007,6.617067007,0,6.950300598,6.950300598,0,0,1,0,0,0,0,0,0,0,0,0,0,0,0,0,0,0,0,0,1,1,1.128381619,1.301029996,0,0,0,1,0,0,0,0,1.128381619,0
D,BC,16,0,0,0,0,0,0,0,0,0,0,0,0,0,0,0,0,0,0,0,0,0,0,0,0,0,0,0,0,0,0,0,0,0,0,0,0,0,0,0,0,0,0,0,0,0,0,0,0,0,0,0,4,0,0,0,3,0,0,0,3,0,0,0,0.778,0.778,0.398,3.463,2.757,2.757,2.303,1.589,1.589,26.21814242,26.21814242,0,27.96401831,27.96401831,0,0,1,0,0,0,0,0,0,0,0,0,0,0,0,0,0,0,0,0,1,1,1.128381619,1.301029996,0,0,0,1,0,0,0,0,1.128381619,0
D,CH,1,0,0,0,0,0,0,0,2,2,0,0,2,0,0,0,2,0,3,0,0,0,1,0,2,1,1,0,0,0,0,0,0,0,0,0,0,0,0,0,0,0,0,0,0,0,0,2,0,3,9,0,11,0,0,1,12,0,0,2,10,0,0,0,1.672,1.431,0.785,4.72,3.685,3.425,2.733,1.127,1.336,22.80436046,16.26178265,17.89058858,51.1742109,27.89596552,0,0,0,0,0,0,0,0.17,0,0,0,0,0,0,0,0,0.83,0,0,0,3,0.333333333,1.726992617,1.446406425,100.8612909,213,1.164189802,2,0.197988867,0.2822,0.657704779,0.5644,1.325638298,0
D,CH,2,0,1,0,0,0,0,0,1,0,0,0,0,0,0,0,0,0,1,0,0,0,2,0,0,0,2,0,0,0,0,0,0,0,0,0,0,0,0,0,0,0,0,0,0,0,0,1,0,2,4,0,4,0,2,1,8,0,0,4,6,0,0,0,1.176,1.176,0.833,4.705,3.176,3.176,2.779,1.62,1.62,9.428090416,9.428090416,0,9.899413018,9.899413018,0,0,0,0,0.17,0.27,0,0.24,0.11,0,0,0,0,0,0,0,0.21,0,0,0,5,0.2,1.456812927,1.383957492,31.22498999,385,1.292730365,5,0.680885522,0.7844,0.974126955,0.9805,1.495186929,99.3
D,CH,3,0,3,0,0,0,0,1,1,0,1,0,0,0,0,0,0,0,3,0,0,0,2,0,1,1,1,0,0,0,0,1,0,0,0,0,0,0,0,0,0,1,0,0,1,1,0,1,0,7,5,0,1,5,4,1,6,1,0,8,2,0,0,0,1.531,1.531,0.851,4.705,3.497,3.497,2.779,1.371,1.371,35.02219516,35.02219516,0,47.23347724,47.23347724,0.11,0,0.19,0,0.33,0.07,0,0,0.3,0,0,0,0,0,0,0,0,0,0,0,5,0.2,1.456735263,1.443050919,57.00877125,364,1.280550692,5,0.639080781,0.748,0.914317892,0.935,1.484876389,78.95
D,CH,4,0,4,0,0,1,0,1,2,0,0,0,2,0,0,0,0,0,2,0,0,0,1,0,0,1,1,0,0,0,0,1,0,0,2,0,0,0,0,0,0,0,0,0,1,0,0,4,0,7,3,0,3,2,7,1,7,3,0,4,3,0,0,0,1.505,1.505,0.857,4.693,3.519,3.519,2.779,1.318,1.318,31.19887922,31.19887922,0,28.35088813,28.35088813,0.01,0,0.07,0,0.38,0,0,0,0.54,0,0,0,0,0,0,0,0,0,0,0,6,0.166666667,1.26247901,1.479824416,126.6933305,245,1.194583042,4,0.40503274,0.559,0.672744819,0.745333333,1.228491257,11.5
D,CH,5,0,1,0,0,0,0,1,2,0,0,0,1,0,0,0,0,0,0,0,0,0,0,0,0,0,0,0,1,0,0,0,0,0,0,0,0,0,0,0,0,0,0,0,0,0,0,6,1,1,2,0,1,0,6,0,11,1,0,3,2,0,0,0,1.58,1.58,0.839,4.657,3.561,3.561,2.779,1.272,1.272,25.08555849,25.08555849,0,28.56694432,28.56694432,0,0,0.24,0,0.05,0,0,0,0.49,0,0,0.07,0.15,0,0,0,0,0,0,0,5,0.2,1.267243545,1.418177503,89.3028555,267,1.213255631,5,0.570034171,0.6724,0.815534526,0.8405,1.249821649,44
D,CH,6,0,0,0,0,1,0,1,1,0,0,0,1,0,0,0,0,0,0,0,0,0,0,0,0,0,0,0,0,0,0,0,0,0,0,0,0,0,0,0,0,0,0,0,1,0,0,7,0,2,5,0,1,0,7,0,9,1,0,1,0,0,0,0,1.23,1.23,0.82,4.655,3.241,3.241,2.733,1.617,1.617,59.36843117,59.36843117,17.89058858,47.90028564,47.90028564,0.06,0,0.27,0,0.09,0,0,0,0.31,0,0,0,0.09,0.13,0,0,0,0.05,0,0,9,0.111111111,1.220963503,1.444709215,79.92340083,398,1.299941536,7,0.752995796,0.7918,0.891015906,0.923766667,1.199436724,98.35
D,CH,7,0,4,0,0,0,0,2,6,0,1,0,6,0,0,0,0,0,0,0,0,1,0,0,1,0,1,0,0,0,0,0,0,0,2,0,0,0,0,0,2,0,0,0,1,0,0,8,0,7,2,0,0,0,10,0,9,2,0,6,2,0,0,0,1.176,1.176,0.845,4.645,3.134,3.134,2.779,1.693,1.693,27.5558222,27.5558222,0,33.31339501,33.31339501,0,0,0.04,0,0.24,0,0,0.08,0.44,0,0.09,0,0,0,0,0,0.09,0.02,0,0,7,0.142857143,1.26317031,1.432323461,104.1969289,344,1.268279221,7,0.671516274,0.7242,0.794601623,0.8449,1.338594375,139
D,CH,8,0,1,0,0,0,0,3,3,0,3,0,2,0,0,0,0,0,0,0,0,0,0,0,0,1,1,0,0,0,0,0,0,0,0,0,0,0,0,0,1,0,0,0,1,0,0,1,0,1,5,0,7,0,7,0,9,3,0,6,4,0,0,0,1.431,1.322,0.845,4.619,3.386,3.314,2.779,1.447,1.529,34.9753891,31.72511568,0,29.83468142,40.94910583,0.06,0,0,0,0,0.42,0,0.28,0.16,0,0,0,0,0,0,0,0.08,0,0,0,5,0.2,1.233920471,1.406013827,75.16648189,319,1.251895342,5,0.601435578,0.7096,0.860459783,0.887,1.202394438,43.85
D,CH,9,0,4,0,0,0,0,0,3,1,1,4,0,0,0,0,0,0,0,0,0,0,1,0,1,1,0,0,0,0,0,0,0,0,1,0,0,0,0,0,1,0,0,0,1,1,0,1,0,4,8,0,3,0,5,0,5,4,0,8,6,0,0,1,1.771,1.431,0.845,4.619,3.731,3.435,2.779,1.093,1.371,7.876207476,14.37537088,0,9.429541226,15.85254412,0.38,0,0.08,0,0,0.52,0,0.02,0,0,0,0,0,0,0,0,0,0,0,0,5,0.2,1.369508288,1.450515876,96.69539803,289,1.230448921,4,0.429092696,0.5784,0.712707541,0.7712,1.361005435,171.15
D,CH,10,0,1,0,0,0,0,0,8,0,1,0,0,0,0,0,0,0,0,0,0,0,2,0,0,0,1,0,0,0,0,0,0,0,0,0,0,1,0,0,0,0,0,0,0,2,0,7,0,3,8,0,2,0,7,0,5,4,0,8,2,0,0,0,1.38,1.301,0.82,4.612,3.377,3.27,2.749,1.423,1.511,36.18761425,28.69622782,22.58769757,30.05114754,23.31593021,0.37,0,0.01,0,0,0.28,0,0.1,0,0,0,0,0.06,0,0,0,0,0,0,0.18,7,0.142857143,1.240134855,1.437328091,79.06326581,360,1.27815125,6,0.641922987,0.7386,0.824933439,0.88632,1.354634107,144.2
D,CH,11,0,2,0,0,0,1,0,5,0,1,0,0,0,0,0,0,0,0,0,0,0,1,0,0,0,0,0,1,0,0,1,0,0,0,1,0,0,0,0,0,0,0,0,0,0,0,10,0,2,11,0,0,0,10,1,7,2,0,7,3,0,0,0,1.38,1.38,0.845,4.602,3.377,3.377,2.793,1.441,1.441,18.76959727,18.76959727,10.20089568,16.64356663,16.64356663,0.19,0,0,0,0.08,0.39,0.09,0,0.16,0,0,0,0.04,0,0,0,0,0,0,0.05,7,0.142857143,1.314450038,1.441550818,85.51413139,400,1.301029996,7,0.726702497,0.7676,0.859903186,0.895533333,1.277751888,101.4
D,CH,12,0,0,0,1,0,0,0,4,0,1,0,0,0,0,0,0,0,1,0,0,0,0,0,0,0,0,0,0,0,0,1,0,0,1,0,0,0,0,1,0,0,0,0,0,0,0,6,0,1,5,0,1,0,7,2,7,0,0,3,3,0,0,0,1.255,1.255,0.839,4.524,3.236,3.236,2.779,1.591,1.591,28.05730399,28.05730399,0,34.35641408,34.35641408,0.06,0,0,0,0.02,0.39,0.22,0,0,0.31,0,0,0,0,0,0,0,0,0,0,5,0.2,1.272165274,1.434460587,79.29375764,264,1.210801963,5,0.569120013,0.6994,0.814226662,0.87425,1.274527135,7.2
D,CH,13,0,1,0,0,0,1,0,4,0,0,0,0,0,0,0,0,0,0,0,0,0,0,0,0,0,0,0,0,0,0,0,0,0,0,0,1,0,0,0,0,0,0,0,0,0,0,8,0,0,10,0,0,0,3,3,1,0,0,4,3,0,0,0,1.398,1.398,0.778,4.524,3.31,3.288,2.717,1.435,1.453,30.9337505,29.58122229,25.31848418,24.52535524,23.60222737,0.18,0,0,0,0,0.15,0.08,0,0.25,0.34,0,0,0,0,0,0,0,0,0,0,6,0.166666667,1.184528521,1.402712494,67.74068202,292,1.232691426,5,0.655202227,0.7606,0.937382467,0.95075,1.152915232,72.75
D,CH,14,0,0,0,1,0,0,0,3,0,1,0,1,0,0,0,0,0,0,0,0,0,1,0,0,0,0,0,0,0,0,0,0,0,1,0,0,0,0,0,0,0,0,0,0,0,0,5,0,2,11,0,2,0,3,3,3,0,0,7,1,0,0,0,1.204,1.204,0.58,4.517,3.159,3.159,2.479,1.358,1.358,20.49624409,20.49624409,0,22.45156556,22.45156556,0.19,0,0,0.11,0,0,0.2,0,0.5,0,0,0,0,0,0,0,0,0,0,0,6,0.166666667,1.260419375,1.451728311,104.7969465,300,1.238560627,4,0.532792619,0.6618,0.884949385,0.8824,1.285088726,82.55
D,CH,15,0,1,0,0,1,0,0,3,0,0,0,1,0,0,0,0,0,0,0,0,0,1,0,0,1,0,0,0,0,0,2,0,0,1,0,0,0,0,0,0,0,0,0,0,0,0,5,0,3,13,0,2,0,1,4,3,0,0,5,3,0,0,0,1.342,1.23,0.623,4.489,3.324,3.215,2.507,1.223,1.387,22.05475357,31.38253507,13.17615692,12.75653409,60.74458918,0.38,0,0,0.16,0,0,0,0.36,0.05,0,0,0,0,0,0,0,0.05,0,0,0,5,0.2,1.359328974,1.433983843,80.85480814,315,1.249155277,5,0.576857135,0.6954,0.825295981,0.86925,1.427481489,132.35
D,CH,16,0,1,0,0,0,0,0,0,0,0,0,0,0,0,0,0,0,0,0,0,0,0,0,0,0,0,0,0,0,0,0,0,0,0,0,0,0,0,0,0,0,0,0,0,0,0,0,0,0,6,0,5,0,0,1,7,0,0,2,7,0,0,0,1.114,1.079,0.623,4.422,3.124,3.05,2.507,1.436,1.494,41.64475464,24.10530563,13.17615692,25.47812254,29.02680896,0,0,0,0.13,0,0,0,0.73,0,0,0,0,0,0,0,0,0.14,0,0,0,3,0.333333333,1.450070527,1.425709968,103.0679388,190,1.1393768,3,0.334503751,0.4306,0.701087508,0.6459,1.324182781,54.95
D,DC,1,0,0,0,0,0,0,0,3,0,1,0,0,0,0,0,0,0,0,0,0,0,0,0,0,0,0,0,0,0,0,0,0,0,0,0,0,0,0,0,0,0,0,0,0,0,0,2,0,1,3,0,1,0,3,0,9,0,0,0,3,0,0,0,1.681,1.531,0.763,4.588,3.692,3.534,2.673,1.045,1.17,23.20992264,9.727075984,20.18475102,32.15070331,18.010968,0,0,0,0,0,0.95,0,0,0,0,0,0,0,0,0,0,0.05,0,0,0,2,0.5,1.264808977,1.400066675,127.2792206,92,0.981893914,2,0.086214075,0.095,0.286396957,0.19,1.358557922,41.4
D,DC,2,0,0,0,0,0,0,0,2,0,0,0,0,0,0,0,0,0,0,0,0,0,0,0,0,0,0,0,1,0,0,0,0,0,0,0,0,0,0,0,0,0,0,0,0,0,0,7,0,0,5,0,1,0,0,0,6,0,0,3,4,0,0,0,1.431,1.431,0.643,4.581,3.415,3.415,2.558,1.199,1.199,24.59400781,24.59400781,14.34438276,35.72500912,35.72500912,0.17,0,0,0,0,0.62,0,0,0,0,0,0,0,0.02,0,0,0.19,0,0,0,4,0.25,1.561052052,1.470059603,103.2279032,351,1.272653558,4,0.430557052,0.5502,0.715139783,0.7336,1.923962834,72.05
D,DC,3,0,0,0,0,0,0,0,1,0,0,0,1,0,0,0,0,0,0,0,0,0,1,0,0,0,0,0,0,0,0,0,0,0,0,0,0,0,0,0,0,0,0,0,0,0,0,1,0,0,6,0,1,0,0,0,6,2,0,2,7,0,0,0,1.431,1.362,0.699,4.575,3.433,3.362,2.603,1.228,1.301,27.52865355,33.86469984,0,28.35231163,28.72053604,0.02,0,0.47,0,0,0.46,0,0,0,0,0,0,0,0.01,0,0,0.04,0,0,0,6,0.166666667,1.259860284,1.498174715,138.7371616,308,1.244275358,5,0.419142405,0.5654,0.599657213,0.70675,1.448503585,118.95
D,DC,4,0,0,0,0,0,0,0,1,2,0,0,1,0,0,0,0,0,0,0,0,0,1,0,0,0,1,0,0,0,0,0,0,0,0,0,0,0,0,0,0,0,0,0,0,0,0,2,0,4,4,0,0,0,0,0,4,0,0,4,9,0,0,0,1.176,1.176,0.716,4.568,3.165,3.165,2.634,1.525,1.525,31.00318757,31.00318757,15.69647809,35.41804441,35.41804441,0.1,0,0.71,0,0,0,0,0,0,0,0,0,0,0.01,0,0,0.18,0,0,0,5,0.2,1.715488028,1.59137103,146.4581852,272,1.217284452,4,0.359657521,0.4534,0.597378213,0.604533333,1.454632427,28.9
D,DC,5,0,0,0,0,0,0,0,0,1,0,0,0,0,0,0,0,0,0,0,0,0,1,0,1,0,0,0,0,0,0,0,0,0,0,0,0,0,0,0,0,0,0,0,0,0,0,0,0,1,3,0,0,0,0,0,3,0,0,5,8,0,0,0,0.954,0.903,0.69,4.561,2.833,2.833,2.603,1.798,1.798,20.56487938,20.56487938,0,25.66197708,25.66197708,0,0,0.32,0,0,0,0,0,0,0,0,0,0,0.01,0,0,0.67,0,0,0,3,0.333333333,1.205098238,1.431595964,99.06058752,140,1.073064018,3,0.294881889,0.4486,0.618043917,0.6729,1.269681234,0
D,DC,6,0,0,0,0,0,0,0,1,0,0,0,0,0,0,0,0,0,0,0,0,0,0,0,1,0,0,0,0,0,0,0,0,0,0,0,0,0,0,0,0,0,0,0,0,0,0,3,0,1,7,0,4,0,2,0,6,1,0,7,8,0,0,0,1.663,0.954,0.699,4.551,3.663,2.904,2.603,0.987,1.713,5.797101449,11.78511302,0,7.758029399,12.88525268,0.09,0,0.2,0,0,0,0,0.15,0,0,0,0,0,0.1,0,0,0.46,0,0,0,6,0.166666667,1.761671056,1.516235967,92.30384607,416,1.309546665,5,0.612629884,0.7078,0.876475213,0.88475,1.477759655,23.8
D,DC,7,0,0,0,0,0,0,1,3,0,2,0,5,0,0,0,0,0,0,0,0,0,2,0,0,0,2,0,1,0,0,0,0,0,0,0,0,0,0,0,0,0,0,0,0,0,0,5,0,1,6,0,2,0,3,0,7,2,0,6,4,0,0,0,1.845,1.322,0.699,4.543,3.827,3.288,2.603,0.903,1.483,34.57790158,50.98201921,0,46.65694748,69.04380242,0.07,0.11,0.03,0,0,0,0,0.54,0,0,0,0,0,0,0,0,0.25,0,0,0,7,0.142857143,1.466594414,1.487873043,117.0427272,426,1.3147048,5,0.526998672,0.628,0.753964646,0.785,1.514100711,67.55
D,DC,8,0,2,0,0,0,0,0,3,2,1,0,4,0,0,0,0,0,0,0,6,0,0,0,1,1,3,0,0,0,0,0,0,0,0,0,0,0,1,2,0,0,0,0,0,0,0,6,0,2,7,0,4,0,5,0,10,3,0,5,3,0,0,0,1.944,1.204,0.708,4.504,3.949,3.193,2.603,0.748,1.471,12.01547824,35.13641845,0,11.22603868,33.21985018,0,0.01,0.05,0,0,0,0,0.51,0,0,0,0,0.07,0,0,0,0.36,0,0,0,6,0.166666667,1.28962681,1.46159133,116.9410108,340,1.265739459,5,0.474764947,0.6028,0.67923508,0.7535,1.480840219,21.5
D,DC,9,0,1,0,0,0,0,1,3,0,2,0,0,0,0,0,0,0,0,0,0,0,1,0,0,2,3,0,0,0,0,0,0,0,0,0,0,0,0,0,0,0,0,0,0,1,0,7,0,3,5,0,1,0,4,0,10,2,0,10,2,0,0,0,1.869,1.681,0.813,4.491,3.873,3.657,2.749,0.94,1.176,13.98414759,36.50751395,15.05846505,23.75041857,35.15434062,0,0,0.13,0,0,0,0,0.64,0,0,0,0,0.17,0,0,0,0.06,0,0,0,4,0.25,1.415136371,1.432621181,105.5777754,275,1.219666347,4,0.443366789,0.541,0.736416297,0.721333333,1.543353545,9
D,DC,10,0,3,0,0,1,0,1,3,1,2,0,2,0,0,0,0,0,0,0,6,0,0,0,0,1,4,0,3,0,0,0,0,0,0,0,0,0,0,1,0,0,0,0,0,0,0,7,0,2,8,0,1,0,7,0,7,1,0,11,6,0,0,0,1.792,1.792,0.778,4.474,3.792,3.792,2.749,1.004,1.004,4.023287513,4.023287513,15.05846505,18.27835157,18.27835157,0,0,0,0,0,0,0,0.82,0.09,0,0,0,0.09,0,0,0,0,0,0,0,3,0.333333333,1.301032031,1.409239641,126.439709,158,1.099328543,3,0.258908989,0.3114,0.542648199,0.4671,1.374629274,0
D,DC,11,0,2,0,0,0,0,0,5,0,1,0,0,0,0,0,0,0,0,0,2,0,0,0,0,0,2,0,0,0,0,0,0,0,0,0,0,0,0,0,0,0,0,0,0,0,0,9,0,0,13,0,0,0,3,0,9,1,0,11,7,0,0,0,1.748,1.748,0.778,4.444,3.744,3.744,2.682,0.982,0.982,4.593711274,4.593711274,8.784104612,11.23362538,11.23362538,0,0,0,0,0,0,0,0.85,0.02,0,0,0,0,0,0,0,0.13,0,0,0,4,0.25,1.654869445,1.519858037,160.2331634,224,1.175124009,3,0.209160677,0.2602,0.438380549,0.3903,1.351883307,11.4
D,DC,12,0,0,0,0,0,0,0,2,1,1,0,0,0,0,0,0,0,0,0,0,0,1,0,0,0,2,0,0,0,0,0,0,0,0,0,0,0,0,0,0,0,0,0,0,2,0,8,0,3,14,0,3,0,5,0,9,2,0,11,10,0,0,0,1.833,1.833,0.716,4.431,3.833,3.833,2.644,0.875,0.875,3.100272216,3.100272216,11.73631317,10.87856586,10.87856586,0,0,0,0,0,0,0,0.82,0,0,0,0,0.04,0,0,0,0.14,0,0,0,4,0.25,1.556944566,1.499372951,152.4204711,245,1.194583042,3,0.246132316,0.3064,0.515869528,0.4596,1.415626315,9.25
D,DC,13,0,1,0,0,0,0,0,3,2,0,0,0,0,0,0,0,0,0,0,1,0,1,1,0,0,2,0,1,0,0,0,0,0,0,0,1,0,0,0,0,0,0,0,0,1,0,5,0,0,10,0,5,0,3,0,8,1,0,8,6,0,0,0,1.839,1.839,0.724,4.425,3.843,3.843,2.644,0.875,0.875,6.324741004,6.324741004,11.73631317,14.9511587,14.9511587,0,0,0,0,0,0,0,0.7,0,0,0.13,0,0.15,0,0,0,0.02,0,0,0,4,0.25,1.531060786,1.482085722,122.1583672,307,1.243569188,4,0.381184447,0.4702,0.633133663,0.626933333,1.632547325,1.45
D,DC,14,0,1,0,0,0,0,0,2,1,1,0,1,0,0,0,0,0,0,0,3,1,0,0,1,0,2,0,2,0,0,0,0,0,0,0,0,0,0,0,0,0,0,0,0,0,0,9,0,3,10,0,3,0,3,0,5,3,0,8,9,0,0,0,1.778,1.778,0.74,4.366,3.786,3.786,2.673,0.964,0.964,30.83657745,30.83657745,10.27757216,32.92431989,32.92431989,0,0,0.03,0,0,0,0,0.46,0,0,0.01,0.08,0.09,0,0,0,0.33,0,0,0,7,0.142857143,1.340621504,1.473897561,107.9691314,390,1.295532304,6,0.561579135,0.664,0.721683779,0.7968,1.506026265,16.5
D,DC,15,0,4,0,0,0,0,0,3,2,1,1,5,0,0,0,0,0,0,1,5,0,1,0,0,0,0,0,1,0,0,0,0,0,0,0,0,0,0,0,0,0,0,0,0,0,0,10,0,2,8,0,3,0,3,0,6,4,0,10,6,0,0,0,1.643,1.643,0.544,4.19,3.635,3.635,2.449,0.886,0.886,12.86953789,12.86953789,32.8191637,35.91061181,35.91061181,0,0.04,0.04,0,0,0,0,0.3,0,0,0,0,0.21,0.02,0,0,0.39,0,0,0,9,0.111111111,1.396851578,1.492687144,85.07790547,464,1.33325899,6,0.604496976,0.7102,0.776837376,0.85224,1.365965018,11.2
D,DC,16,0,4,0,0,0,0,0,6,0,1,0,0,0,0,0,0,0,0,0,6,0,0,0,0,0,0,0,0,0,0,0,0,0,0,0,0,0,1,0,1,0,0,0,0,1,0,3,0,2,15,0,5,0,2,0,5,2,0,10,12,0,0,0,1.556,1.556,0.681,4.179,3.559,3.559,2.592,1.083,1.083,16.35831896,16.35831896,8.108404257,17.74060719,17.74060719,0,0,0,0,0,0,0,0.7,0,0,0,0,0,0,0,0,0.3,0,0,0,2,0.5,1.239690653,1.352374537,56.56854249,102,1.004300086,2,0.265294996,0.42,0.881290899,0.84,1.222593659,5.1
D,HC,1,0,2,0,0,1,2,0,1,0,1,0,0,0,0,0,0,0,0,0,0,1,0,1,0,0,1,0,0,1,0,2,0,0,2,0,0,0,0,0,0,0,2,1,0,0,0,9,0,2,6,0,1,0,1,0,1,2,0,5,3,1,1,0,1.398,1.398,1.314,4.594,3.386,3.386,3.297,1.934,1.934,16.91753481,16.91753481,37.02172931,37.61955756,37.61955756,0,0,0,0,0,0,0,0,0.07,0.22,0,0,0.17,0.03,0.14,0,0,0.37,0,0,6,0.166666667,1.65472406,1.501889494,72.46516404,431,1.317238635,6,0.68132763,0.7604,0.875572236,0.91248,1.474517913,30.6
D,HC,2,0,3,0,1,0,2,0,2,0,2,0,0,0,0,0,0,0,0,0,0,0,0,1,0,0,1,0,0,0,0,4,1,2,4,0,1,0,0,0,0,0,2,0,0,2,0,12,0,0,8,0,0,0,1,0,3,2,0,10,0,0,0,0,1.806,1.806,0.826,4.589,3.769,3.769,2.749,1.049,1.049,23.19141528,23.19141528,24.10530563,32.61431359,32.61431359,0,0,0,0,0,0.26,0,0,0,0.28,0,0,0.18,0,0,0,0,0.22,0.06,0,5,0.2,1.383663012,1.427257776,43.58898944,330,1.25925697,5,0.658931565,0.7696,0.942717943,0.962,1.362920169,12.3
D,HC,3,0,3,0,0,0,0,0,2,0,1,0,0,0,0,0,0,0,0,1,0,0,0,0,0,2,0,0,0,0,0,2,1,0,0,0,1,0,0,0,0,0,2,0,0,0,0,10,0,0,8,0,0,0,0,0,6,1,0,8,0,0,0,0,1.82,1.82,0.845,4.375,3.819,3.819,2.8,1.079,1.079,31.94625141,31.94625141,15.05846505,47.14045208,47.14045208,0,0,0,0,0,0.74,0,0,0,0,0,0,0,0,0,0,0,0.12,0.14,0,3,0.333333333,1.627878104,1.456458257,105.6976821,213,1.164189802,3,0.326808853,0.4184,0.684959745,0.6276,1.32901105,30.9
D,HC,4,0,3,0,0,0,0,0,1,0,0,0,1,0,0,0,0,0,0,1,1,0,0,0,0,0,0,0,0,0,0,2,0,0,1,0,1,0,0,0,0,0,1,0,0,1,0,10,0,0,3,0,0,0,3,0,7,0,0,6,1,0,0,0,1.491,1.491,0.826,4.375,3.489,3.489,2.779,1.318,1.318,13.92701986,13.92701986,0,14.44283541,14.44283541,0,0,0,0,0,0.48,0,0,0,0,0,0,0,0,0,0,0,0.28,0.23,0.01,4,0.25,1.561342041,1.515032228,77.21830526,243,1.192803137,4,0.474602555,0.6382,0.788297781,0.850933333,1.339207317,30.6
D,HC,5,0,0,0,0,0,0,0,0,0,1,0,0,0,0,0,0,0,0,1,0,0,0,0,0,0,0,0,0,0,0,0,0,0,0,0,2,0,0,0,0,0,1,0,0,0,0,5,0,0,3,0,0,0,1,0,7,0,0,4,0,0,0,0,1.531,1.531,0.716,4.356,3.52,3.52,2.624,1.137,1.137,11.43344772,11.43344772,15.05846505,16.20083923,16.20083923,0,0,0,0,0,0.65,0,0,0,0,0,0,0,0,0,0,0,0.2,0.14,0.01,4,0.25,1.595198915,1.527233141,111.2834219,248,1.19722584,4,0.400942394,0.5178,0.665950902,0.6904,1.339460895,30.3
D,HC,6,0,0,0,0,0,0,0,3,0,0,0,0,0,0,0,0,0,0,1,0,1,0,0,0,1,1,0,0,0,0,3,0,0,2,1,1,0,0,0,0,0,1,0,0,1,0,4,0,0,3,0,0,0,4,1,1,2,0,9,0,0,0,1,1.613,1.613,0.756,4.303,3.601,3.601,2.682,1.117,1.117,10.85727091,10.85727091,21.51657415,12.59408204,12.59408204,0,0,0,0,0,0.38,0,0,0.37,0,0,0,0,0,0,0,0,0.18,0.07,0,4,0.25,1.557918207,1.448045442,60.48691319,287,1.228940948,4,0.534341682,0.6814,0.887522322,0.908533333,1.331579371,34.05
D,HC,7,0,1,0,0,0,1,0,2,0,0,0,0,0,0,0,0,0,0,1,0,0,0,0,0,2,1,0,0,0,0,2,0,0,2,1,1,0,0,0,0,0,1,0,0,1,0,3,0,0,5,0,0,0,4,1,4,2,0,6,0,0,1,3,1.633,1.633,0.839,4.303,3.634,3.634,2.779,1.188,1.188,15.69647809,15.69647809,0,16.75644544,16.75644544,0,0,0,0,0,0,0,0,0.67,0,0,0,0,0,0,0,0,0.16,0.17,0,3,0.333333333,1.463515401,1.421411675,87.4814266,204,1.154815084,3,0.374694368,0.4966,0.785323153,0.7449,1.331911996,25.25
D,HC,8,0,0,0,0,0,1,0,2,0,0,0,1,0,0,0,0,0,0,1,0,0,0,0,0,2,0,0,0,0,0,4,0,0,1,3,0,0,0,0,0,0,2,1,0,0,0,2,0,1,6,0,0,0,5,2,3,2,0,7,0,0,0,2,1.869,1.672,0.785,4.286,3.803,3.583,2.733,1.017,1.199,25.6869441,16.69793938,17.89058858,42.31612451,29.67507945,0,0,0,0,0,0,0.03,0,0.83,0,0,0,0,0,0,0,0,0.01,0.13,0,4,0.25,1.485693663,1.538797849,156.0854467,148,1.085130858,4,0.24803891,0.2932,0.411983712,0.390933333,1.198637636,19.5
D,HC,9,0,0,0,1,0,0,0,3,0,0,0,0,0,0,0,0,0,0,0,0,0,0,0,0,0,0,0,0,0,0,1,0,0,1,0,0,0,0,0,0,0,0,0,0,0,0,2,0,0,6,0,0,0,4,3,5,2,0,11,1,0,0,0,1.477,1.322,0.708,4.124,3.507,3.343,2.603,1.274,1.326,70.65007256,35.79094488,0,49.53174671,30.76573251,0,0,0,0,0,0,0.27,0,0.53,0,0,0,0,0,0,0,0,0.12,0.08,0,4,0.25,1.537688037,1.452532037,81.51891396,286,1.228183017,4,0.497916624,0.6254,0.827021612,0.833866667,1.428564961,14.15
D,HC,10,0,2,0,0,0,0,0,2,0,0,4,1,0,0,0,0,0,0,1,0,0,0,0,0,0,1,0,0,0,0,2,0,0,2,1,0,0,0,0,0,0,0,1,0,0,0,4,0,1,5,0,1,0,5,1,1,0,0,8,2,0,0,2,1.398,1.146,0.699,4.076,3.396,3.114,2.603,1.322,1.505,47.04303076,8.108404257,0,47.90035954,6.800597119,0,0,0,0,0,0,0.14,0,0.53,0,0,0,0,0,0,0,0,0.13,0.2,0,4,0.25,1.49815825,1.435935436,75.68355171,285,1.22742243,4,0.520657229,0.6426,0.864792939,0.8568,1.360290647,23.2
D,HC,11,0,1,0,0,0,0,0,1,0,0,0,3,0,0,0,0,0,0,0,0,0,0,0,0,0,0,0,0,0,0,0,0,0,1,1,0,0,0,0,0,0,1,0,0,1,0,3,0,4,3,0,0,0,3,1,2,0,0,7,1,0,0,1,1,1,0.613,4.021,2.974,2.974,2.493,1.545,1.545,20.18475102,20.18475102,10.20089568,16.20733975,16.20733975,0,0,0,0,0,0,0,0,0.35,0,0,0,0,0,0,0,0,0.28,0.33,0.04,4,0.25,1.397921527,1.433409991,57.22470329,255,1.20327009,4,0.529179936,0.6886,0.878948848,0.918133333,1.33465938,25.5
D,HC,12,0,0,0,0,0,0,0,1,0,0,0,2,0,0,0,0,0,1,0,1,0,0,1,0,0,0,0,0,0,0,1,0,0,1,2,0,0,0,0,0,0,3,0,0,0,0,7,0,2,6,0,4,0,3,2,2,2,1,10,1,0,0,0,0.954,0.954,0.544,3.996,2.904,2.904,2.417,1.529,1.529,0,0,19.86145306,20.46698516,20.46698516,0,0,0,0,0,0,0,0,0.5,0,0,0,0,0,0,0,0,0.12,0.19,0.19,4,0.25,1.39300647,1.416437975,67.960773,269,1.21487614,4,0.53508688,0.6634,0.88876007,0.884533333,1.371974378,50.3
D,HC,13,0,0,0,0,0,0,0,1,0,0,0,0,0,0,0,0,0,0,0,2,0,0,0,0,0,0,0,0,0,0,1,0,0,0,1,2,0,0,0,0,2,5,0,0,1,0,8,0,1,5,0,5,0,3,1,1,1,0,4,0,0,0,0,0.845,0.845,0.623,3.969,2.764,2.764,2.479,1.732,1.732,21.19435507,21.19435507,56.65577237,54.68444055,54.68444055,0,0,0,0,0,0,0,0,0.45,0,0,0,0,0,0,0,0,0.14,0.2,0.21,4,0.25,1.40085237,1.415628255,54.74790711,290,1.231198999,4,0.557724393,0.6938,0.926360165,0.925066667,1.396770094,54.4
D,HC,14,0,2,0,0,0,0,0,1,1,1,0,0,0,0,0,0,0,0,0,1,0,0,0,0,1,0,0,1,0,0,2,0,0,5,1,1,0,0,0,0,0,2,1,0,0,0,10,0,1,14,0,5,0,1,1,3,1,0,13,1,0,0,0,1.58,1.58,1.305,3.94,3.556,3.556,3.267,1.732,1.732,32.07501495,32.07501495,31.95341955,21.03977208,21.03977208,0,0,0,0,0,0.24,0,0,0.28,0,0,0,0.3,0,0,0,0,0.01,0.1,0.07,7,0.142857143,1.584565079,1.534308672,84.65026088,433,1.318243948,6,0.661251814,0.759,0.849772861,0.9108,1.447604838,107
D,HC,15,0,0,0,0,0,0,0,2,0,0,0,0,0,0,0,0,0,0,0,0,0,0,0,1,0,0,0,0,1,0,0,0,0,2,0,3,1,0,1,0,0,1,1,0,2,0,12,0,3,13,0,7,0,1,0,4,2,0,12,4,0,0,0,1.724,1.724,1.143,3.909,3.719,3.719,3.146,1.45,1.45,6.245769826,6.245769826,40.40610178,45.71587655,45.71587655,0,0,0,0,0,0.6,0,0,0.1,0,0,0,0.15,0,0,0,0,0,0.08,0.07,5,0.2,1.492586236,1.458224782,112.8605334,311,1.246380195,5,0.525291499,0.5962,0.751522234,0.74525,1.361864393,130.65
D,HC,16,0,2,0,0,0,0,0,0,0,0,0,0,0,0,0,0,0,0,0,0,0,0,0,0,1,0,0,0,0,0,0,0,0,0,0,2,1,0,0,0,0,0,0,0,0,0,0,0,3,15,0,12,0,0,0,10,0,0,14,6,0,0,0,1.699,1.491,0.69,3.875,3.692,3.498,2.664,1.061,1.158,15.44358823,17.72289336,87.07721093,98.79597663,66.95194032,0,0,0,0,0,0.61,0,0.18,0,0,0,0,0,0,0,0,0,0,0.17,0.04,4,0.25,1.355863719,1.430782781,99.33109617,227,1.178012929,4,0.451741033,0.565,0.750325615,0.753333333,1.291927263,60.8
D,LF,1,6,9,0,3,0,0,0,1,0,1,0,0,4,0,0,2,0,0,0,0,0,0,0,0,0,0,1,0,0,0,1,0,0,1,0,0,0,0,1,0,0,2,0,0,1,0,11,0,1,14,1,0,0,8,9,6,1,1,4,0,0,0,1,2.458,2.458,0.82,4.843,4.453,4.453,2.764,0.477,0.477,1.833179518,1.833179518,7.269603816,0,0,0,0,0,0,0,0.05,0,0,0,0,0,0.66,0.29,0,0,0,0,0,0,0,3,0.333333333,1.349261743,1.411645049,92.19002115,195,1.145017306,3,0.340057083,0.4778,0.712726754,0.7167,1.473638814,0
D,LF,2,6,6,0,3,0,2,0,5,0,0,1,0,0,0,0,0,1,0,0,0,0,0,0,0,0,0,4,0,0,0,0,0,0,3,0,0,1,0,0,1,0,1,0,0,2,0,8,0,1,12,0,0,0,5,6,2,0,4,8,0,0,0,2,2.143,2.143,0.708,4.839,4.328,4.328,2.624,0.477,0.477,15.26122518,15.26122518,10.0389767,0,0,0,0,0,0,0,0,0,0,0,0,0,0.13,0.87,0,0,0,0,0,0,0,3,0.333333333,1.542681481,1.530841386,140.4029914,128,1.053604985,2,0.167805614,0.2262,0.557438185,0.4524,1.195908931,0
D,LF,3,4,8,0,4,0,3,0,2,0,3,0,0,2,0,0,0,3,0,0,0,0,0,0,0,0,0,1,0,0,0,2,0,1,8,0,0,1,0,0,1,0,1,0,0,3,0,10,0,4,12,0,0,0,6,5,1,0,6,4,1,0,1,1,2.064,2.064,0.763,4.835,4.092,4.08,2.644,0.681,0.69,16.71165001,17.19646331,19.16531915,38.83498881,37.15737627,0,0,0,0,0,0.09,0,0,0.03,0,0,0.38,0.5,0,0,0,0,0,0,0,4,0.25,1.334342692,1.432877247,90.45072323,232,1.182743992,4,0.450001768,0.5966,0.747436757,0.795466667,1.405275119,86.15
D,LF,4,6,4,0,2,0,0,0,2,0,1,0,0,2,0,0,2,3,0,0,0,0,1,0,0,0,0,0,0,0,0,3,0,1,5,0,1,0,0,0,0,0,0,0,0,3,0,13,0,1,14,0,0,0,9,1,5,0,5,7,1,0,1,0,2.013,2.013,0.756,4.833,4.014,4.014,2.664,0.756,0.756,5.719882073,5.719882073,15.20012823,20.18475102,20.18475102,0,0,0,0,0,0,0,0,0.01,0,0,0.45,0.54,0,0,0,0,0,0,0,3,0.333333333,1.271528966,1.452424086,85.08231309,142,1.076144172,3,0.320561738,0.5058,0.671866397,0.7587,1.281676759,15.4
D,LF,5,2,1,0,5,0,1,0,8,0,1,1,0,0,0,0,0,0,0,0,0,0,0,0,0,1,0,3,0,1,0,4,0,0,3,0,1,0,0,0,0,0,1,0,0,2,0,13,0,4,14,0,0,0,11,4,6,0,2,8,2,0,1,0,2.009,2.009,0.681,4.828,4.01,4.01,2.603,0.699,0.699,1.794798015,1.794798015,0,0,0,0,0,0,0,0,0.18,0,0,0,0,0,0.43,0.39,0,0,0,0,0,0,0,3,0.333333333,1.451008562,1.408391988,40.28647416,234,1.184607929,3,0.451144316,0.6306,0.94555485,0.9459,1.424289321,75.75
D,LF,6,0,0,0,1,0,0,0,4,0,0,0,0,0,0,0,0,0,0,0,0,0,2,0,0,0,0,0,0,0,0,0,0,0,0,0,0,0,0,0,0,0,1,0,0,2,0,8,0,2,9,0,0,0,5,0,4,0,0,6,0,0,0,0,1.973,1.973,0.813,4.823,3.975,3.975,2.725,0.806,0.806,2.961702932,2.961702932,12.73487845,15.61618598,15.61618598,0,0,0,0,0,0.15,0,0,0,0,0,0.82,0.03,0,0,0,0,0,0,0,3,0.333333333,1.501157967,1.470663853,127.7145254,161,1.103412938,3,0.239945315,0.3042,0.50290217,0.4563,1.282456263,6.75
D,LF,7,1,1,0,1,0,2,1,7,0,0,0,0,0,0,0,0,0,0,0,0,0,0,0,0,0,0,2,1,0,0,2,0,0,2,0,0,1,0,0,0,0,4,0,2,3,0,8,0,3,13,0,0,0,8,2,4,0,1,6,1,0,0,0,1.875,1.875,0.839,4.822,3.882,3.882,2.779,0.949,0.949,7.672147426,7.672147426,0,9.3400606,9.3400606,0,0,0,0,0,0.23,0,0,0,0,0,0.65,0,0,0,0,0,0.12,0,0,3,0.333333333,1.513516016,1.430485096,83.91066678,214,1.165206887,3,0.378907166,0.5102,0.794152771,0.7653,1.358916164,0
D,LF,8,0,1,0,3,0,2,0,7,0,1,0,0,0,0,0,0,0,0,0,0,0,0,0,0,0,0,0,1,0,0,2,0,0,1,0,0,1,0,0,0,0,0,0,1,2,0,4,0,6,12,0,0,0,9,0,5,2,0,8,0,0,0,0,1.82,1.82,0.857,4.818,3.813,3.813,2.779,1.013,1.013,16.61728384,16.61728384,0,16.84969071,16.84969071,0.05,0,0,0,0,0.2,0,0,0,0,0,0.58,0,0,0,0,0,0.17,0,0,5,0.2,1.409818654,1.462006963,111.1305539,290,1.231198999,4,0.472880948,0.5922,0.785438253,0.7896,1.374974516,0
D,LF,9,1,0,0,5,0,0,0,7,0,1,0,0,0,0,0,0,0,0,0,0,0,0,0,0,0,0,0,0,0,0,0,0,1,1,0,0,1,0,0,0,0,0,0,1,1,0,3,0,4,13,0,0,0,6,1,4,1,0,5,2,0,0,1,2.021,2.021,0.857,4.799,4.013,4.013,2.779,0.839,0.839,16.73486534,16.73486534,0,16.85472756,16.85472756,0,0,0,0,0,0.26,0,0,0,0,0.31,0.4,0,0,0,0,0,0.03,0,0,6,0.166666667,1.42129886,1.474339692,88.64310464,366,1.281740543,4,0.51464717,0.6754,0.854810447,0.900533333,1.475515881,13.6
D,LF,10,0,1,0,2,0,1,0,4,0,1,0,0,0,0,0,2,0,0,0,2,0,1,0,0,0,0,0,1,0,0,0,0,0,3,0,1,2,0,0,0,0,0,0,0,3,0,3,0,7,14,0,0,0,8,0,5,3,0,7,2,0,0,0,1.898,1.898,0.833,4.792,3.916,3.916,2.779,0.959,0.959,35.52139295,35.52139295,0,27.57508735,27.57508735,0,0,0,0,0,0,0,0,0.04,0.17,0.7,0.09,0,0,0,0,0,0,0,0,4,0.25,1.216287914,1.410662145,121.8961306,167,1.111358236,4,0.38929083,0.4714,0.646598072,0.628533333,1.141407855,0
D,LF,11,1,4,1,0,0,2,0,5,0,1,0,0,0,0,0,3,0,0,0,2,0,0,0,0,1,1,0,0,0,0,1,0,1,4,0,0,3,0,0,0,0,1,1,0,2,0,9,0,5,11,0,3,1,4,1,3,1,1,11,2,0,0,0,1.785,1.785,0.833,4.787,3.775,3.775,2.779,1.049,1.049,3.809706122,3.809706122,0,4.133696288,4.133696288,0,0,0,0,0,0,0,0.05,0.21,0.14,0.03,0.57,0,0,0,0,0,0,0,0,5,0.2,1.409760789,1.46241331,109.5445115,285,1.22742243,5,0.511765218,0.608,0.7321705,0.76,1.320186646,20.8
D,LF,12,0,1,0,2,0,1,0,4,0,1,0,0,0,0,0,0,0,0,0,0,0,0,0,0,0,1,0,0,0,0,1,0,2,2,0,0,0,0,0,0,0,0,0,0,2,0,3,0,1,12,0,3,0,3,0,6,2,0,7,7,0,0,0,1.778,1.756,0.869,4.777,3.79,3.772,2.807,1.121,1.179,40.62552031,47.00008505,13.17615692,44.52797549,64.43544198,0,0,0,0,0,0.22,0,0.23,0.04,0,0,0.42,0,0,0,0,0.03,0.06,0,0,6,0.166666667,1.377207277,1.457596748,91.83463399,339,1.265099849,6,0.624619794,0.7162,0.802697153,0.85944,1.347851574,30.5
D,LF,13,0,0,0,1,0,0,0,3,0,0,0,2,0,0,0,0,0,1,0,2,0,0,1,1,1,2,0,0,0,0,0,0,0,0,0,0,0,0,1,0,0,0,0,0,1,1,1,0,2,16,0,3,0,0,0,6,3,0,4,7,0,0,0,1.591,1.491,0.944,4.775,3.588,3.487,2.898,1.34,1.435,11.43003232,18.49329231,13.93044221,20.60443108,19.6110421,0.24,0,0,0,0,0.14,0,0.27,0,0,0,0,0,0,0,0,0.3,0.05,0,0,8,0.125,1.430706634,1.465746386,60.92618485,504,1.351215268,5,0.643738284,0.7574,0.920981273,0.94675,1.412063612,156
D,LF,14,0,1,0,3,0,0,0,6,2,0,0,3,0,0,0,0,0,2,0,0,0,0,1,0,0,2,0,1,1,0,0,0,0,0,0,0,0,0,1,0,0,0,0,0,0,0,4,0,1,16,0,4,0,0,0,5,1,0,7,8,0,0,0,1.447,1.398,0.845,4.765,3.45,3.391,2.779,1.365,1.407,26.20810223,10.17614274,0,19.55413885,11.09490233,0,0,0,0,0,0.13,0,0.09,0.28,0,0,0,0,0,0,0,0.34,0.16,0,0,7,0.142857143,1.296075075,1.411553852,62.31104771,372,1.28527147,5,0.650739261,0.7554,0.930997405,0.94425,1.280476763,14.65
D,LF,15,0,0,0,1,0,0,0,8,0,0,0,1,0,0,0,0,0,2,0,0,2,1,0,1,0,1,0,0,0,0,0,0,0,0,0,0,0,0,0,0,0,0,0,0,1,0,4,0,3,17,0,4,0,1,0,3,2,0,9,8,0,0,0,1.491,1.415,0.771,4.76,3.468,3.398,2.717,1.328,1.352,37.40465741,15.202339,19.86145306,41.54383847,31.25867466,0.1,0,0,0,0,0,0,0.19,0.5,0,0,0,0,0,0,0,0.21,0,0,0,5,0.2,1.363493214,1.425131464,85.95056719,360,1.27815125,4,0.529885762,0.6598,0.8801212,0.879733333,1.331697835,92.4
D,LF,16,0,2,0,2,0,0,0,4,0,0,0,0,0,0,0,0,0,1,1,2,0,1,1,0,0,3,0,0,2,0,0,0,0,0,0,1,0,0,0,0,0,0,0,0,0,0,8,0,3,17,0,1,0,3,0,11,1,0,8,2,0,0,0,1.863,1.863,0.987,4.749,3.862,3.862,2.94,1.152,1.152,31.30207558,31.30207558,26.57247645,44.14499673,44.14499673,0,0,0,0,0,0,0,0.73,0,0,0,0.24,0,0,0,0,0.03,0,0,0,4,0.25,1.276824206,1.445127979,133.1865859,216,1.167226876,3,0.294209976,0.4086,0.616635653,0.6129,1.550040597,0
D,LF,17,2,6,0,2,0,0,0,2,0,0,0,0,0,0,0,2,0,4,1,2,0,1,3,1,0,2,0,0,0,0,0,0,0,0,0,0,0,0,0,0,0,0,0,0,1,0,10,0,2,18,0,1,0,5,0,8,5,0,11,1,0,0,0,1.69,1.69,1.013,4.666,3.68,3.68,2.996,1.34,1.34,5.009284518,5.009284518,3.194219859,7.291310654,7.291310654,0,0,0,0,0,0,0,0.38,0,0,0.38,0.13,0,0.09,0,0,0.02,0,0,0,6,0.166666667,1.3195846,1.445594483,76.05261337,299,1.237835594,5,0.562649405,0.6858,0.804969314,0.85725,1.190576889,18.55
D,LF,18,0,2,0,0,0,0,0,6,0,0,0,0,0,0,0,1,0,2,0,1,0,0,0,0,0,3,0,0,0,0,0,0,0,0,0,0,0,0,0,0,0,0,0,0,0,0,6,0,0,13,0,3,0,1,0,10,4,0,10,4,0,0,0,1.623,1.623,0.863,4.659,3.619,3.619,2.82,1.233,1.233,17.81659245,17.81659245,14.63775429,11.50885475,11.50885475,0,0,0,0,0,0,0,0,0,0,0.77,0,0,0.07,0,0,0.16,0,0,0,5,0.2,1.407379024,1.505872686,160.3901493,221,1.172196137,3,0.295586082,0.3766,0.619519836,0.5649,1.258466233,0
D,NC,1,0,0,0,0,0,0,0,3,0,0,0,1,0,0,0,0,0,0,0,0,0,0,0,0,0,0,0,0,0,0,0,0,0,1,0,0,0,0,0,0,0,0,0,0,0,0,0,0,2,4,0,5,0,0,0,6,0,0,1,9,0,0,0,1.146,1.146,0.708,4.562,3.134,3.134,2.603,1.497,1.497,15.18816999,15.18816999,0,17.48894916,17.48894916,0,0.31,0,0,0,0.28,0,0.12,0,0,0,0,0,0,0,0,0.29,0,0,0,4,0.25,1.336641862,1.399528242,35.02380143,272,1.217284452,4,0.578876457,0.727,0.961492983,0.969333333,1.361464497,50.3
D,NC,2,0,0,0,0,0,0,0,2,0,0,0,0,0,0,0,0,0,0,0,0,0,1,0,0,0,0,0,0,0,0,0,0,0,0,0,0,0,0,0,0,0,0,0,0,0,0,0,0,2,6,0,2,0,0,0,6,0,0,6,7,0,0,0,1.301,1.301,0.699,4.547,3.292,3.292,2.603,1.356,1.356,26.25885587,26.25885587,0,27.56857852,27.56857852,0.09,0.15,0,0,0,0.05,0,0.19,0.25,0,0,0,0,0,0,0,0.27,0,0,0,6,0.166666667,1.250956546,1.412108612,52.26088403,323,1.254601261,6,0.723839582,0.7954,0.930204227,0.95448,1.243902329,55.7
D,NC,3,0,0,0,0,0,0,0,1,1,0,0,3,0,0,0,0,0,0,0,0,0,0,0,0,0,0,0,0,0,0,0,0,0,0,0,0,0,0,0,0,0,0,0,0,0,0,0,0,0,2,0,8,0,0,0,1,0,0,5,4,0,0,0,1.69,1.255,0.771,4.531,3.668,3.231,2.691,1.161,1.49,46.32631447,14.93288844,6.453627878,58.24753636,23.82967592,0.01,0,0.09,0,0,0,0,0,0.02,0,0,0,0,0,0,0,0.88,0,0,0,4,0.25,1.43994736,1.545957449,168.6020957,153,1.092345715,4,0.196952823,0.217,0.327131558,0.289333333,1.30363936,40.3
D,NC,4,0,0,0,0,0,0,0,0,0,0,0,0,0,0,0,0,0,0,0,0,0,0,0,0,0,0,0,0,0,0,0,0,0,0,0,0,0,0,0,0,0,0,0,0,1,0,0,0,1,2,0,2,0,0,0,1,0,0,2,5,0,0,0,1.792,1.114,0.716,4.519,3.792,3.076,2.644,0.914,1.626,5.019933737,39.30561917,19.16531915,14.34438276,35.43998023,0,0,0,0,0,0,0,0,0,0,0,0,0,0,0,0,1,0,0,0,1,1,1.128381619,1.301029996,0,0,0,1,0,0,0,0,1.128381619,0
D,NC,5,0,0,0,0,0,0,0,0,1,0,0,0,0,0,0,0,0,0,0,0,0,0,0,0,0,0,0,0,0,0,0,0,0,0,0,0,0,0,0,0,0,0,0,0,0,0,0,0,0,2,0,5,0,0,0,4,0,0,2,11,0,0,0,1.681,1.204,0.732,4.509,3.683,3.188,2.644,1.061,1.502,24.96915716,30.02344742,19.16531915,55.57822667,31.69351553,0,0,0,0,0,0,0,0,0,0,0,0,0,0,0,0,1,0,0,0,1,1,1.128381619,1.301029996,0,0,0,1,0,0,0,0,1.128381619,0
D,NC,6,0,0,0,0,0,0,0,0,1,0,0,0,0,0,0,0,0,0,0,0,0,0,0,0,0,0,0,0,0,0,0,0,0,0,0,0,0,0,0,0,0,0,0,0,0,0,0,0,0,4,0,3,0,0,0,4,0,0,3,8,0,0,0,1.663,1.255,0.732,4.487,3.675,3.236,2.664,1.037,1.456,12.76499708,14.70826819,21.00199528,19.89098382,29.4943263,0.11,0,0.06,0,0,0,0,0,0,0,0,0,0,0,0,0,0.83,0,0,0,3,0.333333333,1.489091324,1.450886894,129.2555608,210,1.161109647,3,0.245922913,0.2954,0.515430638,0.4431,1.612583097,0
D,NC,7,0,0,0,0,0,0,0,0,0,0,0,0,0,0,0,0,0,0,0,0,0,0,0,0,0,0,0,0,0,0,0,0,0,0,0,0,0,0,0,0,0,0,0,0,0,0,0,0,1,3,0,3,0,0,0,0,1,0,2,8,0,0,0,1.176,1.114,0.69,4.487,3.114,3.087,2.603,1.568,1.574,51.91911982,38.21231418,0,34.79313746,31.69489249,0.01,0,0.29,0,0,0,0,0.01,0,0,0,0,0,0,0,0,0.69,0,0,0,4,0.25,1.570391448,1.570314919,128.6649395,248,1.19722584,4,0.307098708,0.4396,0.510079913,0.586133333,1.610119176,0
D,NC,8,0,0,0,0,0,0,0,1,0,0,0,0,0,0,0,0,0,0,0,0,0,0,0,0,0,0,0,0,0,0,0,0,0,0,0,0,0,0,0,0,0,0,0,0,1,0,0,0,1,2,0,3,0,0,0,3,0,0,1,7,0,0,0,1.568,1.279,0.763,4.473,3.539,3.279,2.682,1.182,1.517,26.63563075,32.25399353,21.51657415,19.30028619,72.94269612,0.05,0,0.11,0,0,0,0,0.72,0,0,0,0,0,0,0,0,0.12,0,0,0,5,0.2,1.225856309,1.404942828,146.8843082,207,1.157985173,4,0.383717157,0.4526,0.637340403,0.603466667,1.278235306,45.4
D,NC,9,0,0,0,0,0,0,0,0,0,0,0,0,0,0,0,0,0,0,0,0,0,0,0,0,0,0,0,0,0,0,0,0,0,0,0,0,0,0,0,0,0,0,0,0,0,0,0,0,4,4,0,5,0,0,0,5,0,0,1,8,0,0,0,1.763,1.079,0.708,4.436,3.769,3.065,2.624,0.929,1.614,23.81016643,33.31350976,15.05846505,21.99887764,39.36763524,0,0,0.04,0,0,0,0,0.26,0,0,0,0,0,0,0,0,0.7,0,0,0,3,0.333333333,1.230027076,1.391367541,100.8166653,162,1.104757507,3,0.316455902,0.4408,0.663260961,0.6612,1.338319364,5.35
D,NC,10,0,0,0,0,0,0,0,2,0,0,0,2,0,0,0,0,0,0,0,0,0,0,0,0,0,0,0,0,0,0,0,0,0,0,0,0,0,0,0,0,0,0,0,0,0,0,0,0,2,7,0,5,0,0,0,1,0,0,5,8,0,0,0,1.653,1.462,0.792,4.436,3.641,3.422,2.7,1.107,1.369,10.06460405,46.39872355,21.08185107,28.75256644,39.55087283,0.12,0,0.01,0,0,0,0,0.39,0,0,0,0,0,0,0,0,0.48,0,0,0,6,0.166666667,1.303543247,1.456038284,86.25543461,321,1.253252516,4,0.44298726,0.603,0.735785912,0.804,1.337221351,0
D,NC,11,0,0,0,0,0,0,0,2,0,0,0,0,0,0,0,0,0,0,0,0,0,2,0,0,0,0,0,0,0,0,0,0,0,0,0,0,0,0,0,0,0,0,0,0,0,0,0,0,1,6,0,7,0,0,0,3,0,0,5,6,0,0,0,1.716,1.716,0.708,4.408,3.714,3.714,2.603,0.934,0.934,3.839493923,3.839493923,0,6.794707625,6.794707625,0.23,0,0.02,0,0,0,0,0.45,0,0,0,0,0,0,0,0,0.3,0,0,0,6,0.166666667,1.560713518,1.534299944,102.4343692,349,1.271412713,4,0.49369999,0.6542,0.820017934,0.872266667,1.399494484,107.1
D,NC,12,0,0,0,0,0,0,0,0,0,0,0,0,0,0,0,0,0,0,0,0,0,0,0,0,0,0,0,0,0,0,0,0,0,0,0,0,0,0,0,0,0,0,0,0,0,0,0,0,0,1,0,9,0,0,0,2,0,0,7,10,0,0,0,1.544,1.462,0.716,4.294,3.538,3.471,2.603,1.114,1.238,11.7739687,36.28852984,0,11.78511302,51.16971437,0,0,0.07,0,0,0,0,0.19,0,0,0,0,0,0,0,0,0.74,0,0,0,4,0.25,1.530249269,1.526045196,134.144201,227,1.178012929,3,0.31464848,0.4114,0.65947278,0.6171,1.477311618,5.35
D,NC,13,0,0,0,0,0,0,0,1,1,0,0,1,0,0,0,0,0,0,0,0,0,1,0,0,0,0,0,0,0,0,0,0,0,0,0,0,0,0,0,0,0,0,0,0,0,0,0,0,1,3,0,11,0,0,0,3,0,0,5,7,0,0,0,1.491,1.23,0.699,4.294,3.482,3.188,2.603,1.158,1.459,6.424114993,31.24689599,0,6.293089871,25.25397337,0,0,0.06,0,0,0,0,0.23,0,0,0,0,0,0,0,0,0.71,0,0,0,4,0.25,1.313261025,1.462076245,128.3744523,177,1.123986633,3,0.325720095,0.4394,0.682677814,0.6591,1.277413714,4
D,NC,14,0,0,0,0,0,0,0,2,4,0,0,0,0,0,0,0,0,0,0,1,0,0,0,0,0,0,0,0,0,0,0,0,0,0,0,0,0,0,0,0,0,0,0,0,0,0,0,0,2,5,0,6,0,0,0,4,0,0,8,7,0,0,0,1.38,1.342,0.699,4.274,3.379,3.339,2.603,1.265,1.292,22.00357726,9.123201156,0,18.61296215,8.094329599,0,0,0.03,0,0,0,0,0.32,0,0,0,0,0,0,0,0,0.65,0,0,0,3,0.333333333,1.343141496,1.425627618,93.06449377,187,1.135920803,3,0.325644687,0.4742,0.682519767,0.7113,1.431158392,7.6
D,NC,15,0,0,0,0,0,0,0,0,5,0,0,0,0,0,0,0,0,0,0,0,0,0,0,0,0,0,0,0,0,0,0,0,0,0,0,0,0,0,0,0,0,0,0,0,0,0,0,0,0,3,0,10,0,0,0,6,1,0,3,7,0,0,0,1.519,1.519,0.477,4.164,3.511,3.511,2.382,0.987,0.987,34.4058518,34.4058518,35.13641845,61.314654,61.314654,0,0,0.22,0,0,0,0,0,0,0,0,0,0,0,0,0,0.78,0,0,0,3,0.333333333,1.36286021,1.415685547,116.6661905,167,1.111358236,2,0.22883322,0.3432,0.760167503,0.6864,1.233514163,8.35
D,NC,16,0,0,0,0,0,0,0,0,2,0,0,0,0,0,0,0,0,0,0,0,0,3,0,0,0,0,0,0,0,0,0,0,0,0,0,0,0,0,0,0,0,0,0,0,1,0,0,0,0,6,0,9,0,0,0,10,0,0,3,11,0,0,0,1.505,1.505,0.415,4.158,3.497,3.497,2.303,0.949,0.949,44.13379019,44.13379019,0,49.00694484,49.00694484,0,0,0.41,0,0,0,0,0,0,0,0,0,0,0,0,0,0.59,0,0,0,3,0.333333333,1.351601394,1.393027109,66.70082458,193,1.142778655,2,0.293955932,0.4838,0.976500469,0.9676,1.299748777,9.65
D,XX,1,0,0,0,0,0,0,0,0,0,0,0,0,1,0,0,0,0,0,0,0,0,0,0,0,0,0,0,0,0,0,0,0,0,0,0,0,0,0,0,0,0,0,0,0,0,0,0,0,2,2,0,0,0,0,0,3,0,0,1,6,0,0,0,1,1,0.771,4.412,2.974,2.974,2.717,1.771,1.771,10.27757216,10.27757216,37.15737627,49.97026464,49.97026464,0,0.51,0,0,0,0.13,0,0,0,0,0,0,0,0.26,0,0,0,0.1,0,0,6,0.166666667,1.31764703,1.430962851,79.20606037,345,1.268909548,4,0.516433504,0.6454,0.857777483,0.860533333,1.334440375,11.55
D,XX,2,0,0,0,0,0,0,0,0,0,0,0,2,0,0,0,0,0,0,0,0,0,1,0,0,0,1,0,1,0,0,0,0,0,0,0,0,0,0,0,0,0,0,0,0,0,0,0,0,3,2,0,0,0,0,0,5,0,0,1,3,0,0,0,1.041,1.041,0.708,4.387,3.026,3.026,2.603,1.611,1.611,21.87739262,21.87739262,0,28.34733106,28.34733106,0,0.45,0,0,0,0.1,0,0,0,0,0,0,0,0.29,0,0,0,0.16,0,0,5,0.2,1.382290201,1.427151092,59.89574275,321,1.253252516,4,0.539299752,0.6778,0.895757499,0.903733333,1.351876667,17.6
D,XX,3,0,0,0,0,0,0,0,0,0,0,0,0,0,0,0,0,0,1,0,0,0,1,0,0,0,1,0,0,0,0,0,0,0,0,0,0,0,0,0,0,0,0,0,0,0,0,1,0,2,2,0,0,0,0,0,1,0,0,2,5,0,0,0,1.041,1.041,0.623,4.387,3,3,2.479,1.491,1.491,0,0,35.13641845,35.13641845,35.13641845,0,0.48,0,0,0,0,0,0,0,0,0,0,0,0.22,0,0,0,0.3,0,0,5,0.2,1.442339167,1.443476383,70.44501402,332,1.260569042,3,0.45453484,0.6312,0.952661059,0.9468,1.394682823,0
D,XX,4,0,0,0,0,0,0,0,0,0,0,0,0,0,0,0,0,0,0,0,1,0,2,0,0,0,1,0,0,0,0,0,0,0,2,0,0,0,0,0,0,0,0,0,0,0,0,4,0,1,3,0,0,0,0,0,1,0,0,1,2,0,0,0,1.255,1.255,0.785,4.378,3.215,3.215,2.717,1.535,1.535,19.74789886,19.74789886,19.86145306,27.52479739,27.52479739,0,0.49,0,0.21,0,0,0,0,0,0,0,0,0,0.03,0,0,0,0.27,0,0,6,0.166666667,1.41926542,1.455117389,62.19967846,383,1.291599387,4,0.493356015,0.642,0.819446603,0.856,1.437486709,10.45
D,XX,5,0,0,0,0,0,0,0,0,0,0,0,2,0,0,0,0,0,0,0,0,0,3,0,0,0,4,0,0,0,0,0,0,0,2,0,0,0,0,0,0,0,0,0,0,0,0,2,0,3,4,0,2,0,0,0,1,0,0,5,0,0,0,0,1.362,1.255,0.69,4.344,3.358,3.256,2.603,1.375,1.418,51.51512408,40.90874451,0,47.99089459,33.9717976,0,0.32,0,0.06,0,0,0,0,0,0,0,0,0,0.32,0,0,0,0.3,0,0,4,0.25,1.302394879,1.40195852,50.80682369,251,1.199836861,4,0.546878562,0.7016,0.908345631,0.935466667,1.333012097,8.55
D,XX,6,0,0,0,0,0,0,0,0,0,0,0,1,0,0,0,0,0,0,0,0,0,1,0,0,0,1,0,0,0,0,0,0,0,0,0,0,0,0,0,0,0,0,0,0,0,0,1,0,0,1,0,2,0,0,0,3,0,0,6,3,0,0,0,1.114,1.114,0.69,4.344,3.08,3.08,2.603,1.531,1.531,0,0,0,0,0,0,0.4,0,0,0,0,0,0,0,0,0,0,0,0.29,0,0,0,0.31,0,0,4,0.25,1.292656881,1.392909176,51.32900415,253,1.201560261,3,0.472758459,0.6598,0.990856002,0.9897,1.327298526,0
D,XX,7,0,0,0,0,0,0,0,0,0,0,0,1,0,0,0,0,0,1,0,0,0,3,0,0,0,2,0,0,0,0,0,0,0,0,0,0,0,0,0,0,0,0,0,0,0,0,2,0,2,1,0,2,0,0,0,2,0,0,4,2,0,0,0,1.079,1.079,0.672,4.215,3.057,3.057,2.603,1.587,1.587,23.46479842,23.46479842,0,32.3356815,32.3356815,0,0.59,0,0,0,0,0,0,0,0,0,0,0,0.18,0,0,0,0.23,0,0,6,0.166666667,1.222903412,1.402521222,50.00799936,321,1.253252516,3,0.41605086,0.5666,0.87200236,0.8499,1.24928223,3.35
D,XX,8,0,0,0,0,0,0,0,1,0,0,0,0,0,0,0,0,0,0,0,0,0,1,0,0,0,2,0,0,0,0,0,0,0,0,0,0,0,0,0,0,0,0,0,0,0,0,1,0,3,0,0,0,0,1,0,4,0,0,3,2,0,0,0,1.079,1.079,0.653,4.196,3.042,3.042,2.558,1.559,1.559,35.59800038,35.59800038,23.42427896,23.38075661,23.38075661,0,0.74,0,0,0,0,0,0,0,0,0,0,0,0.02,0,0,0,0.24,0,0,4,0.25,1.467410455,1.467183633,66.13118276,245,1.194583042,3,0.279497229,0.3944,0.585799158,0.5916,1.316412872,22.05
D,XX,9,0,0,0,0,0,0,0,1,0,0,0,1,0,0,0,0,0,0,0,0,0,1,0,0,0,3,0,0,0,0,0,0,0,1,0,0,0,0,0,0,0,0,0,0,0,0,2,0,3,4,0,0,0,1,0,2,0,0,3,6,0,0,0,1.462,1.462,0.591,4.164,3.444,3.444,2.493,1.13,1.13,29.26249105,29.26249105,10.20089568,45.13682901,45.13682901,0.23,0.1,0,0,0,0.13,0,0,0.15,0,0,0,0,0.37,0,0,0,0.02,0,0,7,0.142857143,1.438718289,1.46674499,59.08186411,434,1.318744865,6,0.679321035,0.7604,0.872993566,0.91248,1.406213137,89
D,XX,10,0,1,0,0,0,0,0,1,0,0,1,0,0,0,0,0,0,0,0,0,0,1,0,0,0,1,0,0,0,0,0,0,0,0,0,0,0,0,0,0,1,0,0,0,0,0,0,0,1,3,0,1,0,1,0,4,0,0,3,1,0,0,0,1.176,1.176,0.556,4.104,3.159,3.159,2.433,1.334,1.334,36.33595717,36.33595717,17.89058858,33.80289496,33.80289496,0.05,0.03,0,0,0,0.24,0,0,0,0,0,0,0,0.68,0,0,0,0,0,0,4,0.25,1.409767943,1.460436217,120.7531918,236,1.186456001,4,0.373381103,0.4766,0.620172589,0.635466667,1.497732574,0
D,XX,11,0,1,0,0,0,0,1,0,0,0,0,1,0,0,0,0,0,0,0,0,0,4,0,0,0,1,0,0,0,0,0,0,0,1,0,0,0,0,0,0,0,0,0,0,0,0,2,0,0,4,0,0,0,1,0,4,0,0,8,3,0,0,0,1.74,1.114,0.431,4.057,3.718,3.101,2.303,0.771,1.238,38.184113,10.71346917,0,67.65202661,9.168307473,0.01,0.02,0,0.11,0,0,0,0,0,0,0,0,0.01,0.6,0,0,0,0.25,0,0,9,0.111111111,1.454051357,1.5708733,118.4145261,374,1.286435801,6,0.463050452,0.5648,0.595064844,0.67776,1.282796833,15.25
D,XX,12,0,0,0,0,0,0,0,0,0,0,0,0,0,0,0,0,0,1,0,1,0,2,0,0,0,0,0,0,0,0,0,0,0,0,0,0,0,0,0,0,0,0,0,0,0,0,1,0,0,7,0,1,0,1,0,1,0,0,6,4,0,0,0,1.462,1.23,0.568,4.057,3.484,3.22,2.479,1.176,1.297,68.48283125,19.71556258,0,51.83700252,20.94901488,0,0.33,0,0,0,0,0,0,0,0,0,0,0.13,0.53,0,0,0,0.01,0,0,6,0.166666667,1.367603649,1.482536667,102.1528267,336,1.263169639,4,0.440211553,0.5932,0.731175563,0.790933333,1.323002774,52.5
D,XX,13,0,0,0,0,0,0,0,0,0,0,0,0,0,0,0,0,0,0,0,0,0,3,0,0,0,0,0,0,0,0,0,0,0,0,0,0,0,0,0,0,0,0,0,0,1,0,0,0,1,1,0,1,0,0,0,5,0,0,1,4,0,0,0,1.623,1.079,0.591,3.991,3.639,3.072,2.493,1.021,1.435,45.55682838,20.29184745,32.07835245,64.36468887,22.31365015,0,0.09,0,0,0,0,0,0,0,0,0,0,0,0.91,0,0,0,0,0,0,2,0.5,1.160175713,1.363734457,115.9655121,55,0.870181345,2,0.131390507,0.1638,0.436469817,0.3276,1.139983225,0
D,XX,14,0,1,0,0,0,0,0,0,0,0,0,1,0,0,0,0,0,0,0,0,0,3,0,0,0,0,0,0,0,1,0,0,0,0,0,0,0,0,0,0,0,0,0,0,0,0,0,0,1,6,0,1,0,0,0,2,0,0,4,4,0,0,0,1.255,1.204,0.556,3.991,3.241,3.226,2.4,1.193,1.21,7.758029399,12.79723452,21.08185107,27.24462811,25.15724632,0,0,0,0,0,0,0,0,0,0,0,0,0,0.87,0,0,0,0.13,0,0,2,0.5,1.466493851,1.407802891,104.6518036,150,1.08804563,2,0.167805614,0.2262,0.557438185,0.4524,1.567450313,0
D,XX,15,0,0,0,0,0,0,0,0,0,0,0,1,0,0,0,0,0,0,0,0,0,0,0,0,0,0,0,0,0,2,0,0,0,0,0,0,0,0,0,0,0,0,0,0,0,0,0,0,3,5,0,5,0,0,0,3,0,0,5,3,0,0,0,1.114,1,0.462,3.863,3.065,2.992,2.344,1.348,1.534,35.47425141,56.46668291,19.16531915,36.23448103,78.88781098,0,0.08,0,0,0,0,0,0,0,0,0,0,0,0.9,0,0,0,0.02,0,0,3,0.333333333,1.378199306,1.469145428,147.4991525,118,1.035941004,3,0.162913943,0.1832,0.341451866,0.2748,1.236719678,0
D,XX,16,0,0,0,0,0,0,0,1,0,0,0,0,0,0,1,2,0,0,0,0,0,1,0,0,0,0,0,0,0,0,0,0,0,0,0,0,0,0,0,0,0,0,0,0,3,0,8,0,5,6,0,7,0,0,0,5,0,0,8,9,0,0,0,1.38,1.146,0.914,3.663,3.386,3.127,2.876,1.441,1.783,43.89789089,67.13653384,93.49192875,58.64875861,53.80480878,0,0.06,0,0,0,0.08,0,0,0,0,0,0,0.1,0.53,0,0,0,0.31,0,0,5,0.2,1.452763657,1.447914682,98.04335776,365,1.281146432,5,0.56487539,0.603,0.808153979,0.75375,1.657296037,46.9
D,TC,1,0,2,0,0,0,0,0,1,1,0,0,8,0,0,0,0,0,0,0,0,0,2,0,0,0,0,0,0,0,0,0,0,0,0,0,1,0,0,0,0,0,0,0,0,0,0,0,0,0,7,0,7,0,0,0,5,0,0,3,9,0,0,0,1.362,1.362,0.724,4.354,3.366,3.366,2.664,1.32,1.32,19.57400732,19.57400732,21.00199528,16.6580367,16.6580367,0.14,0,0.35,0,0,0,0,0,0,0,0,0,0,0,0,0,0.51,0,0,0,3,0.333333333,1.224880729,1.367606068,55.66866264,173,1.119023052,3,0.42825747,0.5978,0.897586233,0.8967,1.265119209,99.6
D,TC,2,0,1,0,0,0,0,0,0,2,0,0,2,0,0,0,0,0,0,0,0,0,3,0,2,0,0,0,0,0,0,0,0,0,0,0,0,0,0,0,0,0,0,0,0,0,0,0,0,1,3,0,6,0,0,0,6,0,0,5,7,0,0,0,1.23,1.23,0.699,4.354,3.204,3.204,2.603,1.415,1.415,0,0,0,0,0,0,0,0.31,0,0,0,0,0,0,0,0,0,0,0,0,0,0.69,0,0,0,3,0.333333333,1.448235039,1.421411307,92.77391875,208,1.159031667,2,0.268872002,0.4278,0.893173458,0.8556,1.357355675,10.4
D,TC,3,0,2,0,0,0,0,0,0,0,0,0,2,0,0,0,0,0,0,0,0,0,1,0,1,0,1,0,0,0,0,0,0,0,0,0,0,0,0,0,0,0,0,0,0,0,0,1,0,1,4,0,5,0,0,0,6,0,0,6,9,0,0,0,1.204,1.204,0.663,4.34,3.094,3.094,2.603,1.54,1.54,22.55502899,22.55502899,0,20.93805404,20.93805404,0,0,0.26,0,0,0,0,0,0,0,0,0,0,0,0,0,0.74,0,0,0,3,0.333333333,1.45401227,1.436179968,107.177423,183,1.131225545,2,0.248875457,0.3848,0.826746372,0.7696,1.319911689,9.15
D,TC,4,0,0,0,0,0,0,0,0,1,0,0,0,0,0,0,0,0,0,0,0,0,0,0,0,1,0,0,0,0,0,0,0,0,0,0,0,0,0,0,0,0,0,0,0,0,0,0,0,2,1,0,5,0,0,0,2,0,0,3,3,0,0,0,0.954,0.954,0.591,4.104,2.925,2.925,2.479,1.562,1.562,10.0389767,10.0389767,35.13641845,32.8302981,32.8302981,0,0,0.48,0,0,0.17,0,0,0,0,0,0,0,0,0,0,0.35,0,0,0,5,0.2,1.421181055,1.443623001,66.42665128,377,1.288170675,3,0.443404074,0.6182,0.92933205,0.9273,1.396602057,31.85
D,TC,5,0,1,0,0,0,0,0,0,0,0,0,0,0,0,0,0,0,0,0,0,0,1,0,0,0,0,0,0,0,0,0,0,0,0,0,0,0,0,0,0,0,0,0,0,0,0,0,0,0,1,0,4,0,0,0,4,0,0,4,5,0,0,0,1.041,1.041,0.531,4.097,2.992,2.992,2.417,1.439,1.439,6.453627878,6.453627878,37.15737627,35.63324648,35.63324648,0,0,0.3,0,0,0.08,0,0,0,0,0,0,0,0,0,0,0.62,0,0,0,6,0.166666667,1.320879487,1.447256443,111.0027027,350,1.272034022,3,0.373333577,0.5192,0.782471067,0.7788,1.341223169,4.5
D,TC,6,0,0,0,0,0,0,0,0,1,0,0,1,0,0,0,0,0,0,0,0,0,0,0,0,2,0,0,0,0,0,0,0,0,0,0,0,0,0,0,0,0,0,0,0,0,0,0,0,3,1,0,3,0,0,0,7,0,0,1,8,0,0,0,1,1,0.653,4.086,2.955,2.955,2.533,1.585,1.585,11.71213948,11.71213948,28.41446421,25.33723167,25.33723167,0,0,0.5,0,0,0,0,0,0,0,0,0,0,0,0,0,0.5,0,0,0,3,0.333333333,1.359481671,1.393441417,49.50757518,208,1.159031667,2,0.301029996,0.5,1,1,1.359417639,10.4
D,TC,7,0,0,0,0,0,0,0,0,0,0,0,2,0,0,0,0,0,0,0,0,0,0,0,0,0,0,0,0,0,0,0,0,0,0,0,0,0,0,0,0,0,0,0,0,0,0,0,0,2,1,0,5,0,0,0,6,0,0,3,10,0,0,0,0.903,0.903,0.602,4.072,2.846,2.846,2.507,1.659,1.659,19.04761905,19.04761905,32.27486122,16.48316742,16.48316742,0.08,0,0.71,0,0,0,0,0,0,0,0,0,0,0,0,0,0.21,0,0,0,3,0.333333333,1.408427406,1.413947647,99.78476838,197,1.147233113,3,0.335693322,0.4454,0.703580732,0.6681,1.388230269,5.45
D,TC,8,0,0,0,0,0,0,0,0,0,0,0,0,0,0,0,0,0,0,0,0,0,0,0,0,0,0,0,0,0,0,0,0,0,0,0,0,0,0,0,0,0,0,0,0,0,0,0,0,0,4,0,2,0,0,0,5,0,0,3,9,0,0,0,0.845,0.845,0.491,4.057,2.786,2.786,2.303,1.53,1.53,12.09614406,12.09614406,0,10.76539125,10.76539125,0,0,1,0,0,0,0,0,0,0,0,0,0,0,0,0,0,0,0,0,1,1,1.128381619,1.301029996,0,0,0,1,0,0,0,0,1.128381619,0
D,TC,9,0,0,0,0,0,0,0,0,1,0,0,0,0,0,0,0,0,0,0,0,0,0,0,0,0,0,0,0,0,0,0,0,0,0,0,0,0,0,0,0,0,0,0,0,0,0,0,0,2,5,0,2,0,0,0,6,0,0,2,9,0,0,0,0.954,0.954,0.477,4.037,2.914,2.914,2.303,1.407,1.407,7.712872342,7.712872342,0,6.453627878,6.453627878,0,0,0.7,0,0,0,0,0,0,0,0,0,0,0,0,0,0.3,0,0,0,2,0.5,1.472468463,1.39199859,56.56854249,166,1.110054044,2,0.265294996,0.42,0.881290899,0.84,1.505219788,8.3
D,TC,10,0,0,0,0,0,0,0,0,0,0,0,1,0,0,0,0,0,0,0,0,0,0,0,0,0,0,0,0,0,0,0,0,0,0,0,0,0,0,0,0,0,0,0,0,0,0,0,0,1,3,0,3,0,0,0,9,0,0,1,13,0,0,0,0.845,0.845,0.477,4.017,2.807,2.807,2.303,1.574,1.574,41.14253679,41.14253679,0,39.30655565,39.30655565,0.09,0,0.11,0,0,0,0,0,0,0,0,0,0,0,0,0,0.8,0,0,0,4,0.25,1.909768838,1.600874868,147.548862,261,1.208320254,3,0.277092989,0.3398,0.580760103,0.5097,1.328094001,123.55
D,TC,11,0,0,0,0,0,0,0,0,0,0,0,1,0,0,0,0,0,0,0,0,0,0,0,0,1,1,0,0,0,0,0,0,0,0,0,0,0,0,0,0,0,0,0,0,0,0,0,0,2,2,0,3,0,0,0,7,0,0,4,10,0,0,0,1.146,1.146,0.447,3.969,3.094,3.094,2.303,1.391,1.391,70.83728642,70.83728642,0,51.82672831,51.82672831,0.08,0,0.25,0,0,0.08,0,0,0,0,0,0,0,0,0,0,0.59,0,0,0,4,0.25,1.28077525,1.404704323,96.16652224,274,1.218875281,4,0.461217913,0.5766,0.766066372,0.7688,1.332128763,4.35
D,TC,12,0,0,0,0,0,0,0,0,0,0,0,0,0,0,0,0,0,0,0,0,0,0,0,0,1,0,0,0,0,0,0,0,0,0,0,0,0,0,0,0,0,0,0,0,0,0,0,0,0,7,0,4,0,0,0,6,0,0,7,6,0,0,0,1.322,1.279,0.462,3.881,3.337,3.27,2.303,1.045,1.107,25.24534462,29.57803733,0,32.15070331,26.73934365,0.07,0,0.06,0,0,0.02,0,0,0,0,0.23,0,0,0,0,0,0.62,0,0,0,7,0.142857143,1.535341526,1.543838888,156.5098506,404,1.303190683,5,0.463653212,0.5538,0.663337782,0.69225,1.701247955,135
D,TC,13,0,0,0,0,0,0,0,0,0,0,0,0,0,0,0,0,0,0,0,0,0,0,0,0,0,0,0,0,0,4,0,0,0,0,0,0,0,0,0,0,3,0,0,0,0,0,0,0,2,6,0,5,0,0,0,7,0,0,0,10,0,0,0,1,1,0.477,3.799,2.964,2.964,2.303,1.393,1.393,29.34558947,29.34558947,0,30.03726841,30.03726841,0.03,0,0.23,0,0,0,0,0,0,0,0.02,0,0,0,0,0,0.72,0,0,0,7,0.142857143,1.475701784,1.538269787,179.9110892,297,1.236378225,4,0.329188963,0.4274,0.546771032,0.569866667,1.145033416,65.35
D,TC,14,0,0,0,0,0,0,0,0,2,0,0,1,0,0,0,0,0,0,0,0,0,1,0,0,0,2,0,0,0,0,0,0,0,0,0,0,0,0,0,0,0,0,0,0,0,0,0,0,0,3,0,6,0,0,0,9,0,0,0,8,0,0,0,0.845,0.845,0.477,3.785,2.741,2.741,2.303,1.581,1.581,17.6695512,17.6695512,0,13.88714309,13.88714309,0,0,0.11,0,0,0,0,0,0,0,0,0,0,0,0,0,0.89,0,0,0,3,0.333333333,1.757260108,1.494844523,144.6962335,171,1.116498055,2,0.150489699,0.1958,0.499915958,0.3916,1.093817424,8.55
D,TC,15,0,0,0,0,0,0,0,0,0,0,0,2,0,0,0,0,0,0,0,0,0,1,0,0,0,0,0,0,0,0,0,0,0,0,0,0,0,0,0,0,0,0,0,0,0,0,0,0,1,0,0,10,0,0,0,6,0,0,0,5,0,0,0,0.778,0.778,0.477,3.556,2.733,2.733,2.303,1.621,1.621,35.13641845,35.13641845,0,29.65584993,29.65584993,0,0,0.87,0,0,0,0,0,0,0,0,0,0,0,0,0,0.13,0,0,0,2,0.5,1.357188901,1.389522276,104.6518036,121,1.041392685,2,0.167805614,0.2262,0.557438185,0.4524,1.429367,0
D,TC,16,0,0,0,0,0,0,0,0,4,0,0,2,0,0,0,0,0,0,0,1,0,1,0,0,0,0,0,0,0,1,0,0,0,0,0,0,0,0,0,0,0,0,0,0,0,0,0,0,1,0,0,11,0,0,0,11,0,0,0,13,0,0,0,0.699,0.699,0.477,3.176,2.603,2.603,2.303,1.843,1.843,66.66666667,66.66666667,0,49.8344272,49.8344272,0,0,1,0,0,0,0,0,0,0,0,0,0,0,0,0,0,0,0,0,1,1,1.128381619,1.301029996,0,0,0,1,0,0,0,0,1.128381619,0
D,UF,1,0,1,0,0,1,0,0,5,0,0,0,1,0,0,0,0,0,0,0,0,0,0,0,0,0,1,0,0,0,0,0,0,0,0,0,0,0,0,0,0,0,0,0,0,0,0,3,0,0,19,0,7,0,0,0,10,3,0,14,8,0,0,0,1.699,1.699,0.813,4.651,3.697,3.67,2.764,1.111,1.167,3.993690466,20.5641965,10.90440572,15.05846505,43.8023785,0.03,0,0,0,0,0,0,0,0,0,0.57,0,0,0,0,0,0.4,0,0,0,4,0.25,1.35507852,1.431130834,91.21403401,238,1.188288479,3,0.344013698,0.5142,0.721019436,0.7713,1.330875164,0
D,UF,2,0,0,0,0,0,0,0,3,1,0,0,3,0,0,0,0,0,0,0,2,0,1,0,3,0,2,0,0,0,0,0,0,0,0,0,0,1,0,0,0,0,0,0,0,0,0,4,0,0,15,0,8,0,1,0,5,2,0,4,6,0,0,0,1.732,1.732,0.672,4.641,3.744,3.744,2.603,0.924,0.924,26.47686235,26.47686235,0,21.31920643,21.31920643,0.16,0,0.15,0,0,0,0,0.18,0,0,0.04,0,0,0,0,0,0.47,0,0,0,9,0.111111111,1.255636744,1.45344371,77.47902942,420,1.311624645,5,0.59500967,0.697,0.851266387,0.87125,1.27153631,121.8
D,UF,3,0,1,0,0,0,0,0,1,0,0,0,0,0,0,0,0,0,0,0,2,0,1,0,0,0,1,0,0,0,0,0,0,0,0,0,0,0,0,0,0,0,0,0,0,0,0,2,0,0,6,0,3,0,0,0,6,2,0,5,8,0,0,0,1.653,1.653,0.74,4.435,3.623,3.623,2.603,1.049,1.049,34.6490158,34.6490158,0,18.37054813,18.37054813,0,0,0.19,0,0,0.13,0,0.37,0,0,0,0,0,0,0,0,0.31,0,0,0,6,0.166666667,1.205941778,1.397898179,63.34666526,385,1.292730365,4,0.569667417,0.714,0.946197099,0.952,1.262750717,64.15
D,UF,4,0,1,0,0,0,0,0,2,1,0,0,0,0,0,0,0,0,0,0,6,0,0,0,1,0,1,0,0,0,0,0,0,0,0,0,0,0,0,0,0,0,0,0,0,0,0,0,0,0,10,0,4,0,0,0,8,6,0,12,7,0,0,0,1.568,1.568,0.672,4.427,3.559,3.559,2.603,1.097,1.097,19.04096799,19.04096799,0,17.98503427,17.98503427,0.02,0,0.08,0,0,0,0,0.64,0,0,0,0,0,0,0,0,0.26,0,0,0,5,0.2,1.35338925,1.462795141,127.4754878,342,1.267013053,4,0.397883947,0.516,0.660870932,0.688,1.421761792,7.9
D,UF,5,0,1,0,0,1,0,0,4,3,0,0,3,0,0,0,0,0,0,0,6,0,0,0,0,0,0,0,0,0,0,0,0,0,0,0,0,0,0,0,0,0,0,0,0,1,0,3,0,0,12,0,1,0,0,0,7,4,0,8,7,0,0,0,1.672,1.672,0.699,4.418,3.681,3.681,2.603,0.978,0.978,13.74929852,13.74929852,0,17.75565713,17.75565713,0.11,0,0.01,0,0,0,0,0.58,0,0,0,0,0,0,0,0,0.3,0,0,0,8,0.125,1.360427954,1.507360069,150.7012181,395,1.298298548,4,0.419522192,0.5614,0.696811278,0.748533333,1.500665626,129.6
D,UF,6,0,1,0,0,0,0,0,2,1,1,0,6,0,0,0,0,0,0,0,2,0,1,0,0,0,1,0,0,0,0,0,0,0,0,0,0,0,0,0,0,0,0,1,0,1,0,2,0,2,14,0,5,0,0,0,5,5,0,3,9,0,0,0,1.672,1.672,0.699,4.324,3.56,3.56,2.603,1.097,1.097,21.96383104,21.96383104,0,18.44626386,18.44626386,0.14,0,0.02,0,0,0,0,0.63,0,0,0,0,0,0,0,0,0.21,0,0,0,6,0.166666667,1.43852349,1.509209626,142.1210751,357,1.276334108,4,0.422270877,0.539,0.701376745,0.718666667,1.659420604,156.6
D,UF,7,0,0,0,0,0,0,0,1,0,0,0,2,0,0,0,0,0,0,0,9,0,1,0,2,0,1,0,0,0,0,0,0,0,0,0,0,0,0,0,0,0,0,0,0,0,0,0,0,0,10,0,4,0,0,0,8,2,0,3,9,0,0,0,1.38,1.38,0.699,4.299,3.384,3.384,2.603,1.258,1.258,20.03647002,20.03647002,0,21.43363276,21.43363276,0.04,0,0.17,0,0,0,0,0.47,0,0,0,0,0,0,0,0,0.32,0,0,0,5,0.2,1.314401473,1.42859237,87.535707,284,1.22665917,4,0.499207297,0.6462,0.829165373,0.8616,1.319889418,39.4
D,UF,8,0,1,0,0,0,0,0,1,3,0,0,3,0,0,0,0,0,0,0,6,0,0,0,1,0,1,0,0,0,0,0,0,0,0,0,0,1,0,0,0,0,0,0,0,0,0,0,0,1,6,0,6,0,0,0,6,2,0,1,8,0,0,0,0.903,0.903,0.58,4.299,2.852,2.852,2.464,1.641,1.641,14.00604121,14.00604121,47.25242481,57.97657607,57.97657607,0,0,0.33,0,0,0,0,0,0,0,0,0,0,0,0,0,0.67,0,0,0,3,0.333333333,1.448229489,1.464176487,97.68827975,200,1.150514998,2,0.275420282,0.4422,0.914926373,0.8844,1.484942437,10
D,UF,9,0,0,0,0,0,0,0,2,2,0,0,2,0,0,0,0,0,0,0,3,0,1,0,0,1,2,0,0,0,0,0,0,0,0,0,0,0,0,0,0,0,0,0,0,0,0,0,0,0,5,0,7,0,0,0,6,0,0,3,10,0,0,0,0.903,0.903,0.462,4.286,2.846,2.846,2.303,1.477,1.477,13.46870059,13.46870059,0,13.00426264,13.00426264,0,0,0.08,0,0,0,0,0,0,0,0,0,0,0,0,0,0.92,0,0,0,2,0.5,1.210662941,1.378851582,118.7939392,61,0.892664918,2,0.121068,0.1472,0.40217919,0.2944,1.172016244,0
D,UF,10,0,2,0,0,0,0,0,3,2,0,0,0,0,0,0,0,0,0,0,7,0,0,1,1,1,4,0,0,0,0,0,0,0,0,0,0,0,0,0,0,0,0,0,0,0,0,0,0,0,9,0,5,0,0,0,6,0,0,4,11,0,0,0,1.146,1.146,0.643,4.272,3.072,3.072,2.545,1.65,1.65,65.13122164,65.13122164,15.05846505,58.40148895,58.40148895,0.17,0,0.33,0,0,0,0,0,0,0,0,0,0,0,0,0,0.5,0,0,0,5,0.2,1.32728933,1.468406345,95.65563235,254,1.202416858,3,0.440229081,0.6122,0.922677572,0.9183,1.287994784,80.9
D,UF,11,0,2,0,0,0,0,0,4,1,1,0,2,0,0,0,0,0,0,0,2,0,2,0,2,0,1,0,0,0,0,0,0,0,0,0,0,0,0,0,0,0,0,0,0,0,0,0,0,0,13,0,6,0,0,0,8,1,0,4,13,0,0,0,1.462,1.462,0.653,4.152,3.366,3.366,2.569,1.27,1.27,31.00253784,31.00253784,13.05529437,34.42596293,34.42596293,0.04,0,0.04,0,0,0,0,0,0,0,0.35,0,0,0,0,0,0.57,0,0,0,5,0.2,1.495708379,1.495234558,118.7960437,274,1.218875281,4,0.410562717,0.5494,0.681929913,0.732533333,1.336305149,97.95
D,UF,12,0,3,0,0,0,0,0,1,0,0,0,3,0,0,0,0,0,0,0,6,0,0,0,0,0,0,0,0,0,0,0,0,0,0,0,0,0,0,0,0,0,0,0,0,0,0,2,0,2,5,0,4,0,1,0,7,0,0,7,10,0,0,0,1.491,1.491,0.556,4.134,3.483,3.483,2.493,1.064,1.064,13.44711379,13.44711379,10.20089568,26.38512826,26.38512826,0,0,0,0,0,0,0,0,0,0,0.48,0,0,0,0,0,0.52,0,0,0,3,0.333333333,1.844463042,1.457974211,38.10511777,376,1.287593922,2,0.300682467,0.4992,0.998845536,0.9984,1.953750773,0
D,UF,13,0,1,0,0,0,0,0,1,2,1,0,1,0,0,0,0,0,0,0,0,0,0,0,0,0,2,0,0,0,0,0,0,0,0,0,0,0,0,0,0,0,0,0,0,1,0,3,0,0,13,0,5,0,3,0,6,2,0,8,12,0,0,0,1.38,1.38,0.591,4.114,3.388,3.388,2.479,1.143,1.143,16.75378111,16.75378111,0,17.31458973,17.31458973,0,0,0,0,0,0,0,0,0,0,0.28,0,0,0,0,0,0.72,0,0,0,3,0.333333333,1.509024663,1.466380192,106.7145726,239,1.18919895,2,0.257516354,0.4032,0.855450811,0.8064,1.743671487,59.75
D,UF,14,0,2,0,0,0,0,0,2,3,0,0,1,0,0,0,0,0,0,0,5,0,1,0,0,0,3,0,0,0,0,0,0,0,0,0,0,0,0,0,0,0,0,0,0,0,0,0,0,0,8,0,2,0,0,0,8,1,0,3,13,0,0,0,1.23,1.23,0.531,4.029,3.108,3.108,2.417,1.354,1.354,33.10468455,33.10468455,19.86145306,22.59630274,22.59630274,0,0,0,0,0,0,0,0,0,0,0.2,0,0,0,0,0,0.8,0,0,0,2,0.5,1.450804352,1.396816547,84.85281374,149,1.086593134,2,0.217322011,0.32,0.721928095,0.64,1.481082008,0
D,UF,15,0,1,0,0,0,0,0,0,3,0,0,3,0,0,0,0,0,0,0,2,0,1,0,2,0,5,0,0,0,0,0,0,0,0,0,0,0,0,0,0,0,0,0,0,0,0,0,0,0,7,0,2,0,2,0,8,2,0,3,12,0,0,0,0.778,0.778,0.568,4.013,2.7,2.7,2.449,1.779,1.779,21.08185107,21.08185107,28.17180849,41.35008996,41.35008996,0,0,0.02,0,0,0,0,0,0,0,0,0,0,0,0,0,0.98,0,0,0,2,0.5,1.752500254,1.553442782,135.764502,61,0.892664918,2,0.042577846,0.0392,0.141440543,0.0784,1.175286512,0
D,UF,16,0,3,0,0,0,0,0,4,2,0,0,3,0,0,0,0,0,0,0,4,0,1,0,1,0,4,0,0,0,0,0,0,0,0,0,1,0,0,0,0,0,0,0,0,0,0,0,0,1,14,0,3,0,1,0,7,6,0,12,13,0,0,0,1.415,1.041,0.477,3.869,3.391,2.987,2.364,1.079,1.439,32.47512668,38.8939074,21.00199528,59.69004728,36.98412686,0.02,0,0.02,0,0,0,0,0,0,0,0,0,0,0,0,0,0.96,0,0,0,3,0.333333333,1.16446489,1.457037587,162.8127759,70,0.92254902,3,0.084978416,0.0776,0.178106541,0.1164,1.009867893,0
D,UF,17,0,6,0,0,0,0,0,4,0,0,0,1,0,0,0,0,0,0,0,2,0,1,0,1,0,4,0,0,0,0,0,0,0,0,0,0,0,0,0,0,0,0,0,0,0,0,0,0,0,12,0,7,0,1,0,7,4,0,12,13,0,0,0,1.519,1.176,0.462,3.477,3.503,3.159,2.303,0.978,1.265,50.52802337,59.21584058,0,65.20897705,37.26533767,0.08,0,0.03,0,0,0,0,0,0,0,0,0,0,0,0,0,0.89,0,0,0,3,0.333333333,1.220070319,1.418988286,144.8205786,122,1.043179915,3,0.178482057,0.2006,0.374081129,0.3009,1.345933831,1.5
D,UF,18,0,6,0,0,0,0,0,6,0,0,0,0,0,0,0,0,0,0,0,1,0,1,0,2,0,2,0,0,0,0,0,0,0,0,0,0,0,0,0,0,0,0,0,0,0,0,0,0,1,12,0,8,0,4,0,6,4,0,5,15,0,0,0,1.041,1.041,0.477,3.398,3.022,3,2.303,1.316,1.33,21.64790746,16.32993162,0,19.59417164,15.01135174,0.1,0,0,0,0,0,0,0,0,0,0.32,0,0,0,0,0,0.58,0,0,0,4,0.25,1.48465381,1.431647977,93.46657156,343,1.26764706,3,0.395563771,0.5512,0.829063402,0.8268,1.835910386,80.95
